Data set title: Jornada Basin LTER Weather Station Daily summary climate data,,,,,,,,,,,,,,,,,,,,,,
packageID: knb-lter-jrn.210126001.118,,,,,,,,,,,,,,,,,,,,,,
,,,,,,,,,,,,,,,,,,,,,,
Date,Year,YearDay,Hours,RECORD,Air_TempC_Max,Air_TempC_Min,Air_TempC_Avg,Solar_Incoming_Total,Ppt_mm_Tot,Relative_Humidity_Max,Relative_Humidity_Min,Wind_speed_Max,WndSpeed_Avg,WinDir_Avg,WinDir_Std_Dev,SoilTemp_5cm_Avg,SoilTemp_20cm_Avg,Dewpoint_Avg,SoilTemp_5cm_Max,SoilTemp_5cm_Min,SoilTemp_20cm_Max,SoilTemp_20cm_Min
1/1/13,2013,1,23.9997,NaN,7.55,-8.66,-0.07,10.8,0,91.8,26.22,5.64,1.38,266,61,1.88,4.85,-7.67,6.5,-2.74,5.93,3.77
1/2/13,2013,2,23.9997,NaN,8.28,-4.38,0.26,10.61,0,61.03,22.5,6.36,2.9,294,24,1.34,3.67,-11.45,6.39,-3.7,4.57,2.76
1/3/13,2013,3,23.9997,NaN,-0.44,-5.9,-2.67,3.5,0,96.2,47.21,6.52,2.31,311,43,-1.13,3.33,-6.54,0.35,-2.6,4,2.66
1/4/13,2013,4,23.9997,NaN,1.81,-4.53,-1.85,3.04,0.76,95.3,67.47,8.92,2.04,212,48,0.53,3.3,-4.03,0.89,0.17,3.47,3.13
1/5/13,2013,5,23.9997,NaN,2.64,-9.24,-3.76,5.34,0.51,96.4,74.1,5.4,0.77,279,56,-0.23,3.19,-4.88,0.22,-0.67,3.39,2.98
1/6/13,2013,6,23.9997,NaN,8.7,-9.74,-0.88,11.26,0.51,95.1,34.39,3.64,0.88,266,71,-1.53,2.48,-6.78,0.32,-3.39,3.02,1.94
1/7/13,2013,7,23.9997,NaN,12.75,-1.59,4.31,9.98,0,79.1,32.28,5.32,1.98,295,58,2.82,3.27,-3.98,6.57,-0.93,4.15,2.39
1/8/13,2013,8,23.9997,NaN,15.4,0.19,7.1,10.48,0,59.09,10.69,8.76,3.69,289,24,4.93,4.38,-9.72,9.69,0.18,5.64,3.13
1/9/13,2013,9,23.9997,NaN,14.97,0.73,6.92,10.44,0,47.39,16.76,9.32,3.35,303,42,4.99,4.76,-9.45,9.9,0.07,6.07,3.46
1/10/13,2013,10,23.9997,NaN,13.33,-3.78,6.76,8.42,0,65.25,21.96,9.96,2.5,191,50,3.37,4.51,-6.92,6.94,-0.21,5.49,3.54
1/11/13,2013,11,23.9997,NaN,12.44,-1.92,6.68,8.74,0,52.85,22.18,15.08,4.97,253,42,5.58,6,-9.53,9.71,1.46,7.02,4.99
1/12/13,2013,12,23.9997,NaN,4.92,-8.09,-0.61,11.34,0,58.65,12.62,11,3.38,275,29,3.13,4.82,-19.03,6.71,-0.44,6,3.63
1/13/13,2013,13,23.9997,NaN,4.05,-11.75,-3.34,11.61,0,76.6,17.69,6.28,1.79,209,47,-0.3,3.23,-15.59,2.68,-3.29,4.3,2.17
1/14/13,2013,14,23.9997,NaN,4.86,-10.51,-2.62,11.33,0,65.27,13.63,10.84,2.55,258,45,-1.15,2.08,-16.84,1.49,-3.78,2.76,1.41
1/15/13,2013,15,23.9997,NaN,1.7,-7.58,-3.61,11.78,0,60.44,14.08,9.16,3.8,303,29,-0.86,1.6,-18.09,1.48,-3.2,2.07,1.14
1/16/13,2013,16,23.9997,NaN,9.29,-12.44,-1.49,11.55,0,53.53,15.92,6.92,2.3,281,43,-1.08,1.04,-17.39,2.57,-4.73,1.76,0.33
1/17/13,2013,17,23.9997,NaN,13.82,-6.61,3.69,11.62,0,50.52,19.16,6.52,2.54,243,56,1.72,2.11,-10.92,5.81,-2.37,3.11,1.11
1/18/13,2013,18,23.9997,NaN,15.06,-3.17,4.11,11.27,0,62.44,17.97,5.08,1.73,277,41,3.83,3.3,-8.81,8.71,-1.04,4.64,1.96
1/19/13,2013,19,23.9997,NaN,16.94,-4.08,6.06,11.96,0,62.79,12.81,5.4,2.5,291,25,4.67,3.94,-10.84,10.27,-0.92,5.51,2.36
1/20/13,2013,20,23.9997,NaN,18.14,-3.62,6.51,12.11,0,53.34,11.09,6.04,2.42,280,33,5.62,4.75,-11.77,11.62,-0.38,6.42,3.07
1/21/13,2013,21,23.9997,NaN,17.97,0.82,7.97,11.72,0,31.97,11.36,6.68,2.9,281,23,6.71,5.68,-13.27,12.45,0.96,7.4,3.97
1/22/13,2013,22,23.9997,NaN,19.79,-2.14,7.73,12.41,0,42.76,8.83,7.08,2.35,283,30,7.09,6.22,-13.71,13.32,0.87,7.94,4.51
1/23/13,2013,23,23.9997,NaN,21.03,-2.58,9.04,12.11,0,38.3,10.65,6.92,2.05,276,43,7.13,6.43,-12.37,13.64,0.63,8.27,4.6
1/24/13,2013,24,23.9997,NaN,22.11,-0.18,11.11,8.6,0,48.4,14.22,7.64,2.17,266,48,7.34,7.21,-7.08,12.99,1.69,9.11,5.32
1/25/13,2013,25,23.9997,NaN,20.37,4.18,12.15,8.41,0,68.19,31.08,6.52,1.24,253,60,10.84,9.34,1.14,15.82,5.86,10.84,7.83
1/26/13,2013,26,23.9997,NaN,19.49,8.58,13.33,6.4,0,83.4,40.68,11.8,2.7,233,43,11.89,10.7,6.31,15.03,8.75,11.72,9.68
1/27/13,2013,27,23.9997,NaN,17.28,9.9,13.37,12.45,0,74.2,34.02,10.36,3.79,240,24,13.16,11.63,3.96,17.48,8.85,12.89,10.36
1/28/13,2013,28,23.9997,NaN,16.21,4.64,11.38,8.97,0,81.5,29.91,12.52,3.89,257,32,11.13,10.99,1.31,14.84,7.43,12.09,9.9
1/29/13,2013,29,23.9997,NaN,6.85,0.3,3.39,11.04,0,64.6,20.25,15.87,6.33,269,19,7.64,10.03,-8.69,11.18,4.1,11.35,8.71
1/30/13,2013,30,23.9997,NaN,10.03,-6.78,2.73,13.43,0,88.8,14.41,7.96,2.54,280,31,6.66,7.5,-10.71,12.64,0.67,8.93,6.08
1/31/13,2013,31,23.9997,NaN,13.96,-7.31,4.32,10.86,0,62.98,15.01,5.24,1.41,288,40,5.11,6.58,-10.87,10.96,-0.75,8.13,5.03
2/1/13,2013,32,23.9997,NaN,18.51,-4.96,6.57,13.52,0,65.89,12.94,5.72,1.75,269,48,7.5,7.2,-10.26,14.81,0.18,9.19,5.2
2/2/13,2013,33,23.9997,NaN,19.59,-0.38,8.33,13.59,0,42.99,10.08,7,2.27,278,40,8.91,8.03,-11.2,15.82,2,10.02,6.04
2/3/13,2013,34,23.9997,NaN,17.89,0.49,9.47,7.93,0,42.41,12.61,9.48,2.39,282,51,8.88,8.65,-9.93,13.82,3.95,10.16,7.14
2/4/13,2013,35,23.9997,NaN,17.21,2,10.68,12.12,0,58.34,21.2,7.24,2.34,267,44,11.23,10.03,-3.89,16.78,5.68,11.57,8.48
2/5/13,2013,36,23.9997,NaN,19.59,1.7,10.16,14.01,0,61.24,11.33,6.84,2.32,279,36,11.48,10.13,-7.47,18.18,4.78,11.97,8.29
2/6/13,2013,37,23.9997,NaN,18.75,0.4,10.78,12.2,0,58.3,19.31,11.48,2.92,247,31,10.18,10.01,-4.42,16.2,4.15,11.63,8.39
2/7/13,2013,38,23.9997,NaN,17.84,-0.52,9.98,14.02,0,73.7,15.23,5.32,1.7,215,67,11.62,10.61,-4.88,18.52,4.71,12.41,8.8
2/8/13,2013,39,23.9997,NaN,19.32,5.11,12.31,13.62,0,45.14,10.65,10.6,3.34,174,29,11.45,10.7,-8.12,17.38,5.52,12.31,9.08
2/9/13,2013,40,23.9997,NaN,13.75,-1.93,8.23,14.15,0,53,11.77,17.47,5.03,243,41,10.39,10.72,-10.51,15.16,5.62,11.73,9.71
2/10/13,2013,41,23.9997,NaN,11.53,-4.2,4.39,14.95,0,58.95,12.78,8.84,2.56,236,42,8.94,9.05,-12.13,15.68,2.19,10.68,7.42
2/11/13,2013,42,23.9997,NaN,14.56,-8.02,4.21,14.83,0,69.21,11.9,12.44,2.15,262,42,7.79,8.19,-12.78,15.38,0.2,10.07,6.31
2/12/13,2013,43,23.9997,NaN,9.35,-3.95,3.82,15.26,0,87.7,11.47,10.04,3.37,285,47,9.8,9.04,-9.07,15.84,3.77,10.55,7.54
2/13/13,2013,44,23.9997,NaN,13.98,-6.47,3.91,15.21,0,63.47,11.9,6.6,2.37,287,39,8.26,8.15,-13.6,15.98,0.53,10.05,6.26
2/14/13,2013,45,23.9997,NaN,15.36,-4.36,6.28,15.49,0,53.07,14.5,5.56,2.48,294,33,9.53,8.63,-11.85,17.36,1.69,10.69,6.58
2/15/13,2013,46,23.9997,NaN,14.52,-2.59,6.38,14.18,0,62.22,11.7,6.84,2.5,276,49,10.35,9.14,-10.37,17.38,3.31,10.92,7.37
2/16/13,2013,47,23.9997,NaN,16.9,-5.4,6.59,15.9,0,55.7,9.88,7.24,2.13,249,53,9.74,8.88,-14.61,18.02,1.46,10.98,6.78
2/17/13,2013,48,23.9997,NaN,19.26,-3.88,9.21,15.64,0,40.69,7.21,11.4,3.23,256,41,9.53,8.99,-15.6,17.75,1.3,11.06,6.93
2/18/13,2013,49,23.9997,NaN,17.94,4.52,12.55,14.9,0,23.02,8.39,9.32,3.12,248,40,13.05,10.88,-15.63,20.1,6,12.83,8.94
2/19/13,2013,50,23.9997,NaN,14.98,0.6,8.55,7.67,0,80.8,9.14,10.84,3.67,205,44,9.06,10.91,-8.64,12.82,5.31,12.3,9.52
2/20/13,2013,51,23.9997,NaN,14.4,1,8.25,15.53,0,84.4,15.45,18.11,5.55,229,43,11.33,10.45,-3.55,16.99,5.67,11.93,8.97
2/21/13,2013,52,23.9997,NaN,9.78,-1.56,3.65,16.57,0,68.47,26.28,13.72,5.52,245,28,10.62,9.99,-7.17,17.7,3.54,11.64,8.34
2/22/13,2013,53,23.9997,NaN,11.77,-6.71,4.44,16.64,0,75.9,19.22,12.68,3.52,248,36,9.79,9.4,-8.57,17.79,1.79,11.29,7.52
2/23/13,2013,54,23.9997,NaN,15.56,-3.48,7.73,16.93,0,44.73,13.79,13.16,2.82,269,55,10.63,9.77,-12.14,19.04,2.21,11.79,7.74
2/24/13,2013,55,23.9997,NaN,13.12,-1.93,6.29,14.57,0,68.32,19.67,15.64,5.13,253,36,10.27,10.22,-9.37,15.53,5,11.39,9.06
2/25/13,2013,56,23.9997,NaN,12.31,-6.74,3.79,17.25,0,62.57,13.05,8.52,2.62,287,48,9.41,9.08,-13.22,18.04,0.78,11.06,7.1
2/26/13,2013,57,23.9997,NaN,18.02,-7.62,5.52,17.56,0,48.99,6.2,13.96,3.3,272,48,9.72,9.2,-16.4,18.77,0.67,11.36,7.03
2/27/13,2013,58,23.9997,NaN,11.53,-4.83,4.21,16.79,0,30.38,9.88,6.12,2.38,229,61,10.11,9.49,-18.98,18.24,1.98,11.37,7.61
2/28/13,2013,59,23.9997,NaN,14.22,-4.66,4.67,17.66,0,34.43,8.09,7.64,2.16,289,44,10.31,9.24,-18.31,19.37,1.25,11.4,7.08
3/1/13,2013,60,23.9997,NaN,17.94,-7.7,7.77,17.73,0,32.07,12.34,10.12,2.27,319,48,11.2,9.71,-15.47,20.76,1.63,12.1,7.33
3/2/13,2013,61,23.9997,NaN,22.06,-2.84,11.91,17.68,0,38.24,10.34,8.36,2.46,247,52,13.52,11,-11.58,23.19,3.84,13.47,8.53
3/3/13,2013,62,23.9997,NaN,25.11,-0.09,14.88,16.46,0,34.64,4.38,14.76,4.09,248,37,14.11,12.24,-13.16,22.61,5.6,14.3,10.19
3/4/13,2013,63,23.9997,NaN,23.61,9.48,17.36,17.38,0,26.78,9.81,14.6,5.54,251,29,18,14.56,-9.3,24.58,11.42,16.25,12.87
3/5/13,2013,64,23.9997,NaN,19.02,0.51,10.93,17.76,0,43.47,16.58,8.2,2.43,152,59,16.07,14.09,-7.79,24.54,7.61,15.91,12.26
3/6/13,2013,65,23.9997,NaN,23.67,5.23,14.88,17.24,0,37.47,13.01,9.48,2.28,198,48,18.16,14.86,-6.64,26.47,9.86,16.93,12.78
3/7/13,2013,66,23.9997,NaN,24.78,4.02,17.33,17.69,0,43.05,7.75,11.64,3.1,232,46,18.75,15.75,-7.78,27.56,9.93,17.83,13.67
3/8/13,2013,67,23.9997,NaN,18.5,9.33,14.71,11.91,0,62.61,19.42,19.08,4.42,215,48,17.93,16.27,-0.99,22.79,13.06,17.3,15.24
3/9/13,2013,68,23.9997,NaN,11.45,0.39,7.07,16.06,0,69.92,21.26,13.4,4.78,261,24,14.2,14.86,-4.83,20.21,8.19,16.29,13.43
3/10/13,2013,69,23.9997,NaN,14.87,-5.42,5.86,14.83,0,82.5,20.5,6.44,1.51,228,59,11.96,12.8,-6.68,19.73,4.2,14.52,11.09
3/11/13,2013,70,23.9997,NaN,19.65,-2.39,9.9,18.84,0,59.94,11.63,8.76,1.36,254,54,14.32,12.86,-9.85,24.74,3.91,15.24,10.47
3/12/13,2013,71,23.9997,NaN,22.45,0.42,12.83,18.9,0,34.24,9.97,6.44,2.3,208,72,16.9,14.16,-10.2,26.94,6.86,16.55,11.77
3/13/13,2013,72,23.9997,NaN,24,1.1,14.33,19.11,0,46.5,7.92,6.12,1.96,218,53,18.05,15.11,-9.63,28.31,7.79,17.46,12.76
3/14/13,2013,73,23.9997,NaN,27.17,3.01,16.01,19.21,0,28.16,7.01,5.4,1.94,279,50,19.27,15.91,-12.65,29.68,8.87,18.31,13.51
3/15/13,2013,74,23.9997,NaN,29.72,4.33,18.58,19.24,0,24.01,5.83,8.76,2.01,261,45,20.14,16.75,-13.17,30.73,9.56,19.16,14.34
3/16/13,2013,75,23.9997,NaN,28.39,3.68,18.62,18.58,0,20.73,5.56,10.6,2.98,258,33,20.64,17.56,-13.14,30.41,10.87,19.68,15.44
3/17/13,2013,76,23.9997,NaN,25.22,2.76,17.92,19.4,0,43.85,8.69,15.72,4.57,261,24,20.29,17.89,-9.7,28.6,11.97,19.6,16.19
3/18/13,2013,77,23.9997,NaN,24,2.68,16.3,18.09,0,27.92,6.13,11.72,3.41,241,34,19.54,17.45,-13.32,28.62,10.45,19.19,15.72
3/19/13,2013,78,23.9997,NaN,24.39,3.69,16.04,16.62,0,23.97,10.78,13.64,2.02,271,49,19.32,17.36,-10.75,27.71,10.94,19.08,15.63
3/20/13,2013,79,23.9997,NaN,21.28,4.1,14.68,16.08,0,41.73,14.69,8.6,2.68,216,47,17.8,17.03,-6.02,25.11,10.48,18.57,15.49
3/21/13,2013,80,23.9997,NaN,23.89,12.01,18.86,11.56,0,29.41,12.3,12.68,4.9,231,35,18.84,17.41,-6.39,23.74,13.95,18.56,16.26
3/22/13,2013,81,23.9997,NaN,24.06,15.2,18.62,15.68,0,26.37,11.02,13.8,4.63,250,23,21.47,18.1,-6.35,27.8,15.14,19.5,16.7
3/23/13,2013,82,23.9997,NaN,21.5,4.73,15.43,20.53,0,32.52,4.38,17,6.11,256,26,20.2,18.05,-13.65,27.24,13.17,19.5,16.61
3/24/13,2013,83,23.9997,NaN,16.78,-2.06,8.58,20.94,0,13.09,6.68,7.96,2.7,257,58,17.73,16.62,-22.22,28.08,7.37,18.58,14.66
3/25/13,2013,84,23.9997,NaN,17.16,1.07,9.27,21.15,0,23.61,8.7,6.36,2.84,215,67,18.43,16.51,-17.63,28.55,8.32,18.52,14.5
3/26/13,2013,85,23.9997,NaN,20.4,-0.41,12.19,18.57,0,32.19,10.85,8.04,2.58,192,38,17.3,16.16,-12.58,27.23,7.36,18.16,14.17
3/27/13,2013,86,23.9997,NaN,24.11,3.4,15.95,15.55,0,30.94,8.42,10.12,2.23,204,46,19.36,17.16,-11.09,27.25,11.48,18.79,15.53
3/28/13,2013,87,23.9997,NaN,26,7.25,18.71,20.12,0,24.36,9.9,10.36,1.78,242,44,22.29,18.41,-9.48,32.11,12.47,20.69,16.14
3/29/13,2013,88,23.9997,NaN,27.33,7.71,19.29,20.62,0,25.85,7.04,10.84,3.09,273,38,24.3,19.68,-10.35,34.15,14.44,21.81,17.54
3/30/13,2013,89,23.9997,NaN,26.17,5.14,19.11,14.7,0,20.65,7.65,9.72,2.52,284,32,21.79,19.73,-11.23,29.29,14.28,21.24,18.21
3/31/13,2013,90,23.9997,NaN,26.95,9.19,20.17,21.66,0,33.2,10.91,7.72,2.17,268,43,25.24,20.75,-5.83,35.49,14.99,22.91,18.59
4/1/13,2013,91,23.9997,NaN,27,6.31,19.59,22.09,0,31.08,6.87,11.56,2.78,265,29,24.2,20.89,-9.68,34.25,14.14,22.88,18.91
4/2/13,2013,92,23.9997,NaN,24.83,7,17.71,22.33,0,23.48,6.03,15.95,3.71,259,30,23.75,20.9,-12.15,33.05,14.44,22.66,19.14
4/3/13,2013,93,23.9997,NaN,22.56,4.6,14.41,21.73,0,59.11,14.24,8.04,2.23,265,60,23.23,20.39,-4.09,33.66,12.8,22.43,18.35
4/4/13,2013,94,23.9997,NaN,26.06,3.48,17.11,20.94,0,46.73,7.72,7.96,1.83,204,59,23.14,20.41,-8.59,34.09,12.19,22.61,18.22
4/5/13,2013,95,23.9997,NaN,28.22,8.65,20.81,17.12,0,18.35,4.92,12.84,3.79,237,42,23.43,20.77,-11.08,31.59,15.27,22.37,19.17
4/6/13,2013,96,23.9997,NaN,27.17,7.97,20.65,21.28,0,28.78,7.28,11.24,3.92,248,26,24.91,21.27,-7.7,34.62,15.21,23.17,19.37
4/7/13,2013,97,23.9997,NaN,27.78,12.73,22.22,22.7,0,21.41,9.23,12.12,4.73,254,22,26.77,22.28,-6.52,35.89,17.66,24.2,20.36
4/8/13,2013,98,23.9997,NaN,27.11,15.6,21.28,20.8,0,26.67,8.29,22.36,5.46,265,40,26.23,22.63,-5.24,34.28,18.18,24.31,20.94
4/9/13,2013,99,23.9997,NaN,17.99,8.31,12.86,20.27,0,59.68,13.18,22.83,7.22,263,21,22.98,22.32,-4.71,29.13,16.83,23.69,20.95
4/10/13,2013,100,23.9997,NaN,17.17,1.97,10.9,18.78,0,54.79,13.79,12.28,3.45,267,42,20.34,20.09,-6.62,28.28,12.4,21.63,18.54
4/11/13,2013,101,23.9997,NaN,23.45,-1.8,13.88,23.22,0,54.38,8.8,9.64,2.47,267,56,21.8,19.76,-9.99,33.46,10.15,22.02,17.5
4/12/13,2013,102,23.9997,NaN,24.22,8.42,17.18,16.62,0,39.45,10.34,7.56,1.86,261,58,22.03,20.68,-7.13,29.39,14.67,22.24,19.13
4/13/13,2013,103,23.9997,NaN,27.11,10.33,19.87,22.49,0,25.34,8.18,11.64,3.51,269,34,25.43,21.5,-8.69,35.79,15.06,23.69,19.3
4/14/13,2013,104,23.9997,NaN,26.45,14.53,21,23.45,0,21.92,10.71,15.08,6.68,245,19,25.52,22.14,-7.58,33.98,17.06,23.82,20.46
4/15/13,2013,105,23.9997,NaN,27.11,14.7,20.97,24.06,0,33.19,9.63,15,6.66,254,21,26.31,22.56,-5.6,35.15,17.47,24.36,20.76
4/16/13,2013,106,23.9997,NaN,28.22,15.51,22.11,24.02,0,25.36,4.65,15.15,4.73,246,37,27.47,23.2,-9.72,37.18,17.76,25.21,21.19
4/17/13,2013,107,23.9997,NaN,23.56,5.33,17.02,21.95,0,43.11,8.15,19.96,5.83,256,38,24.73,22.91,-8.61,32.64,16.82,24.45,21.37
4/18/13,2013,108,23.9997,NaN,17,3.16,9.92,24.64,0,49.13,9,9.88,3.09,310,31,22.23,21.18,-12.5,32.78,11.69,23.14,19.23
4/19/13,2013,109,23.9997,NaN,19.52,0.56,11.44,24.98,0,19.55,4.62,7.48,2.92,225,55,21.36,20.09,-20.53,32.99,9.74,22.2,17.97
4/20/13,2013,110,23.9997,NaN,27,1.17,16.67,24.69,0,12.73,4.75,10.68,2.78,270,44,22.87,20.49,-18.2,35.16,10.58,22.94,18.04
4/21/13,2013,111,23.9997,NaN,27.89,9.33,20.01,24.54,0,22.98,6,14.12,3.38,269,37,25.68,21.82,-12.54,37.01,14.36,24.17,19.46
4/22/13,2013,112,23.9997,NaN,30.22,4.6,21.17,24.72,0,18.6,4.98,12.52,2.99,250,37,26.01,22.62,-13.68,37.6,14.42,24.89,20.35
4/23/13,2013,113,23.9997,NaN,29.22,12.32,22.61,24.4,0,29.14,5.72,14.36,5.2,233,40,27.93,23.73,-10.86,37.1,18.77,25.61,21.85
4/24/13,2013,114,23.9997,NaN,24.17,3.69,15.6,24.28,0,42.94,11.52,10.04,3.19,185,48,25.72,23.14,-6.34,36.39,15.05,25.05,21.22
4/25/13,2013,115,23.9997,NaN,28.61,11.16,20.75,17.69,0,35.55,5.76,14.6,3.76,207,52,25.85,23.09,-5.04,33.5,18.2,24.45,21.74
4/26/13,2013,116,23.9997,NaN,27.72,6.43,20.27,24.96,0,28,6.74,8.6,2.39,260,49,26.57,23.3,-10.68,37.85,15.29,25.53,21.08
4/27/13,2013,117,23.9997,NaN,28.39,8.42,20.62,24.16,0,19.26,6.63,6.76,1.93,225,74,27.52,23.82,-11.11,38.91,16.12,26.08,21.55
4/28/13,2013,118,23.9997,NaN,29.45,9.97,22.17,22.54,0,22.77,6.43,7.72,2.26,247,61,27.28,24.15,-9.98,37.54,17.02,26.22,22.08
4/29/13,2013,119,23.9997,NaN,32.06,11.85,25,25.05,0,20.37,3.87,10.68,3.18,260,48,29.29,24.94,-12.56,40.45,18.13,27.23,22.65
4/30/13,2013,120,23.9997,NaN,32.33,10.69,25,25.04,0,14.24,4.34,13.16,3.45,250,36,29.86,25.72,-12.5,40.72,19.01,27.86,23.58
5/1/13,2013,121,23.9997,NaN,30.5,10.94,24.61,25.18,0,15.38,5.05,13.4,3.68,242,37,30.2,26.16,-11.97,40.76,19.63,28.21,24.1
5/2/13,2013,122,23.9997,NaN,23.67,5.8,13.32,25.23,0,48.66,7.28,9.72,3.55,14,71,27.5,25.68,-7.93,36.69,18.31,27.45,23.9
5/3/13,2013,123,23.9997,NaN,19.71,4.06,11.82,25.79,0,41.39,10.14,8.28,2.44,183,36,24.8,23.63,-11.07,35.97,13.64,25.71,21.54
5/4/13,2013,124,23.9997,NaN,27.78,3.42,17.14,19.45,0,22.29,8.02,9.24,1.95,180,52,23.05,22.57,-12.01,33.23,12.88,24.54,20.61
5/5/13,2013,125,23.9997,NaN,27.83,16.61,22.11,24.68,0,15.44,10.21,11.32,4.18,150,25,29.11,24.48,-7.6,38.91,19.31,26.62,22.33
5/6/13,2013,126,23.9997,NaN,25.89,13.71,20.47,21.71,0,40.59,13.74,12.6,3.99,252,33,28.2,24.98,-2.3,35.73,20.68,26.46,23.51
5/7/13,2013,127,23.9997,NaN,26.5,8.85,20.27,22.93,0,35.9,11.89,10.92,3.91,230,38,26.84,24.57,-4.42,35.94,17.75,26.45,22.7
5/8/13,2013,128,23.9997,NaN,25.45,15.98,20.6,24.05,0,23.13,7.55,12.04,4.47,247,22,27.77,24.99,-7.26,36.67,18.87,26.75,23.23
5/9/13,2013,129,23.9997,NaN,26.33,10.73,20.09,23.71,0,24.98,9.77,9.72,2.58,262,43,29.13,25.48,-6.99,39.29,18.96,27.56,23.39
5/10/13,2013,130,23.9997,NaN,22.67,8.96,15.9,8.96,0,83.2,20.22,14.92,2.79,292,56,23.14,25.07,2.06,29.34,16.94,26.88,23.27
5/11/13,2013,131,23.9997,NaN,23.89,8.16,16.34,18.38,0,83.6,16.34,9.4,3.15,78,71,21.62,22.16,1.93,29.22,14.02,23.71,20.62
5/12/13,2013,132,23.9997,NaN,26.33,9.52,19.82,25.32,0,54.95,12.87,9.4,2.59,148,50,26.47,23.5,-1.75,37.39,15.55,25.97,21.03
5/13/13,2013,133,23.9997,NaN,28.56,10.29,21.45,26.47,0,40.17,5.15,9.32,2.69,138,44,28.59,24.93,-6.62,39.27,17.91,27.21,22.65
5/14/13,2013,134,23.9997,NaN,29.61,12.45,22.67,23.45,0,40.88,10.91,7.72,3.08,193,34,29.04,25.52,-1.65,39.13,18.95,27.72,23.33
5/15/13,2013,135,23.9997,NaN,33,10.8,24,18.71,0,32.82,9.8,9.88,3.44,259,37,28.86,25.82,-3.33,38.01,19.72,27.67,23.96
5/16/13,2013,136,23.9997,NaN,33,14.61,25.89,26.71,0,23.23,5.05,11.72,3.25,255,32,30.84,26.71,-7.14,41.97,19.7,29.09,24.34
5/17/13,2013,137,23.9997,NaN,33.11,12.14,25.56,25.53,0,18.82,6.64,10.04,2.65,264,40,31.35,27.39,-8.38,42.64,20.06,29.73,25.06
5/18/13,2013,138,23.9997,NaN,30.56,13.22,24.78,26.45,0,17.06,5.69,12.6,4.11,252,27,31.54,27.86,-8.85,41.46,21.61,29.82,25.91
5/19/13,2013,139,23.9997,NaN,29.95,13.98,23.78,26.97,0,22.52,7.78,12.84,4.01,268,32,31.41,27.82,-7.21,41.75,21.06,29.88,25.77
5/20/13,2013,140,23.9997,NaN,30.45,11.27,23.06,26.84,0,29.51,6.84,15.15,4.62,273,30,30.72,27.73,-6.52,41.04,20.4,29.76,25.71
5/21/13,2013,141,23.9997,NaN,30.22,12.35,22.78,27.25,0,31.23,4.92,11.64,3.16,281,43,31.07,27.75,-8.22,42.16,19.99,29.97,25.52
5/22/13,2013,142,23.9997,NaN,33.11,13.8,26.5,25.66,0,12.07,5.12,13.32,3.23,249,40,31.2,28.05,-11.28,41.95,20.45,30.29,25.8
5/23/13,2013,143,23.9997,NaN,35.78,15.46,28.56,26.71,0,32.78,5.63,12.2,3.34,229,45,33.99,29.27,-7.54,45.15,22.83,31.68,26.85
5/24/13,2013,144,23.9997,NaN,33.56,19.59,26.83,26.26,0,45.64,8.25,12.36,4.62,195,27,34.81,30.05,0.83,45.01,24.62,32.2,27.9
5/25/13,2013,145,23.9997,NaN,34.33,19.19,28.06,26.56,0,53.39,5.72,13.64,4.08,213,49,35.19,30.42,-0.36,45.25,25.13,32.55,28.29
5/26/13,2013,146,23.9997,NaN,33.78,15.36,27.83,26.05,0,14.66,4.21,14.76,3.75,257,31,34.33,30.41,-10.94,44.16,24.5,32.39,28.43
5/27/13,2013,147,23.9997,NaN,33.17,13.22,26.45,24.19,0,12.17,4.04,9.16,2.93,256,35,32.88,29.89,-13.25,42.39,23.38,31.77,28
5/28/13,2013,148,23.9997,NaN,32.67,11.48,24.95,26.71,0,12.52,4.28,14.92,3.67,262,35,32.12,29.36,-13.36,43.33,20.91,31.55,27.18
5/29/13,2013,149,23.9997,NaN,30.83,20.29,25.67,27.06,0,18.16,8.15,13.56,5.64,250,17,33.49,29.91,-5.12,42.6,24.39,31.77,28.06
5/30/13,2013,150,23.9997,NaN,32.17,17.24,26.83,26.89,0,24.71,10.88,12.2,4.39,256,29,33.5,29.95,-1.78,43.72,23.28,32.1,27.81
5/31/13,2013,151,23.9997,NaN,35.11,15.15,28.5,26.89,0,31.01,8.72,11.16,3.5,259,39,35.06,30.71,-1.75,45.78,24.35,33.02,28.4
6/1/13,2013,152,23.9997,NaN,35.56,19.31,28.11,27.25,0,23.35,5.15,12.2,3.13,242,77,35.47,31.25,-8.65,46.13,24.81,33.46,29.04
6/2/13,2013,153,23.9997,NaN,35.72,19.83,27.67,25.52,0,36.24,12.22,12.84,4.44,154,32,35.95,31.6,5.42,46.07,25.83,33.75,29.45
6/3/13,2013,154,23.9997,NaN,35.83,17.72,27.67,26.33,0,57.48,5.12,13,3.47,212,47,36.02,31.82,1.56,46.13,25.92,33.92,29.73
6/4/13,2013,155,23.9997,NaN,36.33,14.08,28.89,26.68,0,13.88,6.67,11.4,3.37,251,29,34.67,31.48,-6.42,45.57,23.78,33.72,29.25
6/5/13,2013,156,23.9997,NaN,35.56,16.4,29.33,27.56,0,27.17,4.34,11.24,3.13,267,32,36.17,32.07,-6.53,46.77,25.57,34.28,29.86
6/6/13,2013,157,23.9997,NaN,33.83,16.24,26.22,25.69,0,46.73,7.41,10.84,2.94,226,69,35.69,31.98,1.61,46.18,25.2,34.14,29.82
6/7/13,2013,158,23.9997,NaN,32.28,20.26,26.33,18.85,0,56.32,13.91,12.52,3.31,178,48,35.76,31.86,5.84,44.56,26.95,33.47,30.25
6/8/13,2013,159,23.9997,NaN,37.95,19.56,29.17,25.17,0,42.37,7.64,9.96,3.85,196,37,35.73,31.73,2.2,45.87,25.59,33.99,29.48
6/9/13,2013,160,23.9997,NaN,38.39,21.72,30.61,27.16,0,40.14,9.83,8.36,3.46,216,71,37.52,32.81,3.45,47.82,27.23,35.19,30.44
6/10/13,2013,161,23.9997,NaN,39.61,22.39,32.45,27.27,0,34.4,6.33,7.8,3.36,175,30,38.8,33.87,3.3,48.92,28.68,36.17,31.56
6/11/13,2013,162,23.9997,NaN,40.06,19.95,32.89,26.22,0,27.67,6.63,8.84,2.49,184,50,39.37,34.5,-0.35,49.72,29.02,36.72,32.28
6/12/13,2013,163,23.9997,NaN,41.11,21.02,33,24.95,0,20.31,5.35,13.64,2.62,181,64,39.3,34.59,-2.57,49.61,28.99,36.7,32.47
6/13/13,2013,164,23.9997,NaN,37.28,21.61,30.45,26.44,0,46.13,9.9,9.48,3.98,132,38,38.99,34.7,6.21,48.46,29.53,36.65,32.75
6/14/13,2013,165,23.9997,NaN,35.28,20.37,27.22,24.76,0,56.98,15.35,11.8,2.99,146,54,38.49,34.44,9.64,47.97,29.02,36.34,32.53
6/15/13,2013,166,23.9997,NaN,37.06,20.03,29.17,24.62,0,53.99,11.24,9.4,1.98,176,62,38.23,34.21,6.27,48.57,27.88,36.46,31.96
6/16/13,2013,167,23.9997,NaN,37.61,23.11,30.45,24.23,0,34.07,10.84,8.84,2.34,274,50,38.87,34.65,3.63,48.45,29.28,36.68,32.62
6/17/13,2013,168,23.9997,NaN,35.83,20.62,29.56,19.79,0.25,41.38,12.25,10.28,2.8,197,58,36.55,34.41,5.96,44.14,28.95,36.1,32.72
6/18/13,2013,169,23.9997,NaN,35.67,19.22,29.06,26.11,0,60.37,10.37,9.56,3.18,153,37,37.66,33.88,7.5,48.07,27.25,36.16,31.6
6/19/13,2013,170,23.9997,NaN,38.39,25.89,32.28,26.43,0,41.33,6.6,13.8,4.93,221,40,38.8,34.52,2.68,48.37,29.24,36.65,32.39
6/20/13,2013,171,23.9997,NaN,38.22,25.89,31.22,24.31,0,30.05,8.45,11.64,4.69,193,33,39.2,34.8,3.17,48.77,29.64,36.8,32.81
6/21/13,2013,172,23.9997,NaN,37.89,23.67,30.78,24.98,0,40.16,5.79,10.92,4.42,216,42,38.68,34.75,1.41,48.32,29.04,36.83,32.67
6/22/13,2013,173,23.9997,NaN,37.17,17.75,30.11,24.05,0,13.08,5.96,12.68,3.45,257,28,37.08,34.22,-6.91,46.85,27.3,36.12,32.32
6/23/13,2013,174,23.9997,NaN,36.83,17.31,29.67,27.03,0,14.56,6.57,15.8,3.19,246,36,36.6,33.78,-5.48,47.33,25.88,36.01,31.55
6/24/13,2013,175,23.9997,NaN,36.5,23.61,31.22,23.55,0,14.32,9.4,13.96,3.68,252,26,36.95,33.87,-2.32,45.88,28.03,35.57,32.17
6/25/13,2013,176,23.9997,NaN,37,19.12,31.17,27.04,0,21.43,4.48,11.56,4.12,256,25,37.76,34.05,-6.54,47.81,27.7,36.2,31.9
6/26/13,2013,177,23.9997,NaN,39.17,14.76,30.11,25.91,0,13.25,2.89,7.72,2.43,272,41,36.43,33.59,-11.97,47.76,25.1,35.87,31.31
6/27/13,2013,178,23.9997,NaN,42.28,16.44,31.83,25.72,0,13.24,3.97,8.76,2.36,241,69,37.54,33.94,-9.18,49.4,25.68,36.52,31.36
6/28/13,2013,179,23.9997,NaN,37.83,24.45,32.28,17.32,0,22.57,9.63,10.28,4.01,134,31,37.46,34.55,1.38,44.2,30.72,36.1,33.01
6/29/13,2013,180,23.9997,NaN,38.83,20.72,31.39,23.93,0,35.56,8.95,9.08,2.69,253,64,38.85,34.44,3.35,49.47,28.24,36.74,32.13
6/30/13,2013,181,23.9997,NaN,37.11,18.47,29.5,21.73,2.29,84.8,13.06,15.8,3.12,149,63,39.72,35.2,7.34,48.74,30.69,37.01,33.4
7/1/13,2013,182,23.9997,NaN,29.89,18.02,23.28,22.98,0.76,86.1,29.8,10.36,3.38,122,41,33.62,33.71,13.11,42.38,24.86,36.09,31.33
7/2/13,2013,183,23.9997,NaN,31.06,16.21,23.33,22.13,0.76,83,23.91,11.08,2.57,165,49,32.82,31.89,10.8,42.56,23.08,33.93,29.86
7/3/13,2013,184,23.9997,NaN,33.56,16.61,24.72,24.22,4.32,83.1,19.45,10.44,2.47,162,65,33.38,31.79,10.89,43.36,23.39,34.02,29.55
7/4/13,2013,185,23.9997,NaN,34.78,18.58,26.78,23.03,0,76.7,17.77,9.16,2.09,187,62,31.98,31.1,10.32,44,19.97,33.92,28.28
7/5/13,2013,186,23.9997,NaN,37.11,18.58,29.33,25.16,0,61.72,9.83,7.32,2.13,214,64,33.81,32.11,7.28,45.01,22.62,35.06,29.16
7/6/13,2013,187,23.9997,NaN,37.39,20.65,29.39,20.48,10.92,72.9,14.2,22.12,2.52,270,39,34.95,32.58,9.87,45.13,24.78,34.49,30.67
7/7/13,2013,188,23.9997,NaN,37.95,22.45,29.72,21.63,0,63.99,13.9,9.4,2.57,187,71,33.17,31.57,10.73,44.16,22.19,35.23,27.9
7/8/13,2013,189,23.9997,NaN,36.33,22.45,29.89,22.44,0.51,60.01,14.61,8.2,2.68,141,63,33.97,32.57,9.92,43,24.93,35.49,29.65
7/9/13,2013,190,23.9997,NaN,37,22.83,30.17,24.36,0,53.49,15.58,7.96,2.54,118,62,34.76,33.21,10.12,43.59,25.92,36.23,30.19
7/10/13,2013,191,23.9997,NaN,36.61,22.5,30.5,24.21,0,58.4,18.28,7.88,2.56,170,42,35.73,33.97,11.13,43.8,27.65,36.72,31.22
7/11/13,2013,192,23.9997,NaN,33.56,21.83,28.22,17.06,8.13,64.86,25.02,9.08,2.61,244,70,31.98,33.12,12.83,38.83,25.13,35.44,30.8
7/12/13,2013,193,23.9997,NaN,35.06,21.67,27.78,20.55,8.13,67.24,21.14,13.8,3.04,290,65,30.94,30.09,12.44,39.7,22.18,32.6,27.57
7/13/13,2013,194,23.9997,NaN,36.5,19.22,28.83,23.86,0,80.7,14.27,7.72,2.11,201,66,32.27,30.56,10.33,43.16,21.39,34.26,26.86
7/14/13,2013,195,23.9997,NaN,38.11,21.61,30.39,26.28,1.52,68.88,12.85,10.28,2.24,231,72,34.35,32.44,8.2,44.55,24.16,36.37,28.5
7/15/13,2013,196,23.9997,NaN,28.33,19.96,23.06,13.11,0.51,72.5,39.78,9.72,3.46,127,51,28.89,31.3,13.39,34.11,23.66,34.16,28.43
7/16/13,2013,197,23.9997,NaN,29.17,17.31,23.28,17.06,0,71.4,22.46,7.4,2.59,132,47,28.36,28.39,9.16,35.48,21.24,31.05,25.73
7/17/13,2013,198,23.9997,NaN,29,18.23,22.61,18.48,0,69.96,26.41,11.88,4.02,117,40,28.45,28.32,11.41,34.58,22.33,30.26,26.38
7/18/13,2013,199,23.9997,NaN,23.28,16.78,19.37,6.96,6.86,93.1,62.2,6.68,1.46,127,55,23.36,26.89,16.47,25.84,20.87,28.82,24.97
7/19/13,2013,200,23.9997,NaN,29.67,17.52,23.5,22.79,0,90.6,34.78,7.08,2.16,163,40,28.71,27,15.22,38.04,19.39,30.75,23.24
7/20/13,2013,201,23.9997,NaN,32.17,18.6,24.28,21.91,0.25,86.3,28.18,11.88,2.17,178,61,31.48,29.33,15.32,40.82,22.13,32.95,25.71
7/21/13,2013,202,23.9997,NaN,33.45,18.3,25.33,18.64,0,91.7,25.35,8.92,1.72,234,60,30.93,29.46,14.3,39.34,22.51,32.55,26.38
7/22/13,2013,203,23.9997,NaN,35.89,19.36,26.67,22.18,0,77.7,20.09,12.28,2.88,216,51,32.05,30.55,14.45,40.18,23.92,33.86,27.24
7/23/13,2013,204,23.9997,NaN,35.89,21.33,26.39,22.72,0,81.4,18.21,12.84,3.13,165,49,33.83,31.82,14.68,41.86,25.8,34.98,28.67
7/24/13,2013,205,23.9997,NaN,32.89,18.98,26,23.64,1.27,89.5,26.32,10.84,2.47,176,54,34.03,32.06,15.25,42.12,25.94,35.22,28.91
7/25/13,2013,206,23.9997,NaN,31,18.5,24.56,21.34,2.29,91.6,33.27,7.24,2.03,222,53,32.47,30.95,15.61,40.79,24.15,33.71,28.19
7/26/13,2013,207,23.9997,NaN,34.22,17.73,24.5,15.18,13.97,93.4,28.14,22.03,2.17,264,64,32.77,30.57,16.57,41.51,24.03,33.08,28.06
7/27/13,2013,208,23.9997,NaN,29.17,16.6,22.28,19.15,35.81,94.5,38.66,8.52,1.51,307,77,27.12,26.71,16.36,33.27,20.97,28.69,24.74
7/28/13,2013,209,23.9997,NaN,32.78,20,25.89,20.26,0,78.8,25.42,11.56,2.63,194,45,30.77,27.91,14.55,40.11,21.42,30.79,25.03
7/29/13,2013,210,23.9997,NaN,35.39,19.2,27.78,23.77,0,88.1,17.87,9.56,2.05,273,61,32.46,29.82,12.45,42.17,22.75,33.24,26.39
7/30/13,2013,211,23.9997,NaN,35.89,19.64,28.17,20.75,0,81.9,17.14,11.8,2,280,77,32.77,30.7,11.31,41.62,23.92,33.55,27.86
7/31/13,2013,212,23.9997,NaN,36.28,21.22,28.33,21.49,2.29,75.7,14.37,11.24,2.16,148,65,33.9,31.43,12.02,42.41,25.38,34.14,28.73
8/1/13,2013,213,23.9997,NaN,34.45,19.36,27.5,21.94,9.91,86.6,18.65,8.52,2.26,182,58,30.89,29.8,12.66,38.32,23.47,32.07,27.54
8/2/13,2013,214,23.9997,NaN,35.56,21.5,27.39,20.42,10.16,69.23,19.86,12.12,2.42,288,53,31.89,29.76,13.51,40.9,22.88,32.61,26.91
8/3/13,2013,215,23.9997,NaN,35.61,21.22,28.17,24.11,0,65.45,19.76,6.28,2.29,269,51,31.36,29.39,12.17,41.21,21.51,32.53,26.24
8/4/13,2013,216,23.9997,NaN,37.33,22.5,29.28,22.78,0.76,60.11,14.1,6.84,2.02,263,57,33.62,30.74,11.36,43.27,23.97,34,27.48
8/5/13,2013,217,23.9997,NaN,35.45,21.95,28.33,22.9,0,66.96,17.13,10.6,2.96,271,48,33.55,31.25,11.85,43.49,23.62,34.51,28
8/6/13,2013,218,23.9997,NaN,33.67,19.16,27.06,22.91,0,76.7,21.11,10.76,3.38,235,42,33.29,31.41,11.77,41.82,24.76,34.07,28.74
8/7/13,2013,219,23.9997,NaN,31.78,20.3,25.22,22.99,0,71.1,24.34,10.28,3.06,246,41,33.05,31.32,12.35,41.25,24.85,33.92,28.72
8/8/13,2013,220,23.9997,NaN,34.39,16.65,26.78,23.81,0,83.8,14.64,8.52,2.29,271,48,32.44,30.98,8.42,41.2,23.68,33.8,28.17
8/9/13,2013,221,23.9997,NaN,35.39,19.23,28.06,24.26,0,48.8,11.17,7.96,2.42,213,58,32.88,31.27,5.05,41.3,24.46,33.98,28.56
8/10/13,2013,222,23.9997,NaN,29.5,18.68,25.06,12.83,4.06,89.7,28.96,9.88,3.46,121,36,29.8,30.77,11.98,33.35,26.24,32.15,29.4
8/11/13,2013,223,23.9997,NaN,29.33,15.57,21.05,22.33,28.45,95,40.68,9.48,2.38,299,44,27.92,27.74,16.12,35.2,20.64,29.95,25.53
8/12/13,2013,224,23.9997,NaN,33.11,19,25.45,23.09,0,86.6,24.24,6.6,2.02,278,48,30.12,28.07,15.32,38.79,21.45,30.89,25.24
8/13/13,2013,225,23.9997,NaN,33.33,19.52,25.67,19.53,8.64,87.8,22.22,8.76,1.65,211,58,29.5,28.01,15.03,36.08,22.93,29.85,26.17
8/14/13,2013,226,23.9997,NaN,34.22,20.4,26.17,20.73,0,78.7,20.13,11.88,2.21,201,65,30.73,28.32,13.79,39.94,21.52,31.27,25.36
8/15/13,2013,227,23.9997,NaN,32.78,18.8,25.72,23.25,0,84.2,25.02,7.08,1.45,211,55,31.8,29.25,13.5,41.19,22.42,32.34,26.17
8/16/13,2013,228,23.9997,NaN,34.5,18.72,27.17,23.57,0,75.6,13.67,5.8,1.51,171,57,32.38,29.92,12.05,41.99,22.77,33,26.84
8/17/13,2013,229,23.9997,NaN,36.11,18.26,28.45,23.31,0,77.5,13.43,7,1.59,229,62,32.74,30.48,10.28,42.11,23.37,33.47,27.48
8/18/13,2013,230,23.9997,NaN,35.17,20.26,27.78,21.22,0,58.11,17.13,6.76,1.79,273,53,33.17,30.83,9.68,41.29,25.06,33.3,28.36
8/19/13,2013,231,23.9997,NaN,35.78,17.72,25.95,21.45,8.89,79.3,15.21,14.6,1.76,267,67,32.47,30.58,12.01,40.99,23.95,33.2,27.96
8/20/13,2013,232,23.9997,NaN,32.5,19.73,25.28,16.9,0,76.5,24.18,8.28,1.76,272,55,29.57,28.61,13.37,36.89,22.24,30.51,26.7
8/21/13,2013,233,23.9997,NaN,33.67,18.73,26.06,21.42,0,79.8,16.63,7,1.82,178,48,31.09,28.84,10.87,40.57,21.61,31.79,25.89
8/22/13,2013,234,23.9997,NaN,33.06,16.55,26.06,22.63,0,57.12,16.87,6.92,1.74,159,48,30.87,29.07,6.54,40.01,21.73,31.85,26.28
8/23/13,2013,235,23.9997,NaN,31.5,17.25,24.72,14.62,0.51,73.5,23.47,8.6,1.82,150,50,29.55,28.52,11.51,35.85,23.24,30.15,26.9
8/24/13,2013,236,23.9997,NaN,31.06,17.01,24.56,12.55,0.51,79.8,26.95,10.68,2,181,58,27.15,27.26,12.77,31.9,22.4,28.63,25.89
8/25/13,2013,237,23.9997,NaN,32.45,18.1,25.22,17.87,0.25,92.3,23.1,7,2.19,162,56,29.93,27.8,13.2,37.62,22.23,29.82,25.77
8/26/13,2013,238,23.9997,NaN,33.17,20.03,26.56,22.09,0,61.95,19.66,10.44,2.88,131,26,30.84,28.54,10.53,39.19,22.49,31.04,26.04
8/27/13,2013,239,23.9997,NaN,30.56,19.37,25.22,17.06,0,67.02,26.98,10.12,2.56,142,31,29.53,28.43,12.13,35.69,23.37,29.93,26.92
8/28/13,2013,240,23.9997,NaN,27.89,18.76,22.22,7.7,1.27,92.2,37.55,6.84,1.05,246,59,27.26,27.96,15.87,31.05,23.47,29.06,26.87
8/29/13,2013,241,23.9997,NaN,28.5,18.13,22.11,13.29,4.83,93.9,42.74,4.84,0.87,180,55,27.06,26.39,17.3,32.74,21.38,27.75,25.03
8/30/13,2013,242,23.9997,NaN,32.67,16.65,25.06,19.02,0,94.1,29.39,4.92,1.05,204,47,30.13,27.13,15.62,41.34,18.92,30.42,23.84
8/31/13,2013,243,23.9997,NaN,35.39,16.44,27.28,21.86,0,91,18.48,5.4,1.61,260,44,31.75,28.97,12.34,41.98,21.52,32.21,25.73
9/1/13,2013,244,23.9997,NaN,36.5,18.08,28.11,22.25,0,75.1,12.08,7.48,2.14,166,63,32.85,30.09,8.45,42.41,23.29,32.95,27.23
9/2/13,2013,245,23.9997,NaN,35.33,18.48,27.06,20.16,0,62.53,17.74,8.76,2.48,159,65,32.84,30.3,10.37,41.71,23.98,32.74,27.87
9/3/13,2013,246,23.9997,NaN,33.89,19.83,26.78,20.64,0,65.16,14.58,9.24,2.17,143,42,33.49,30.59,8.91,42.04,24.94,32.72,28.45
9/4/13,2013,247,23.9997,NaN,33.72,16.98,26.5,22.11,0,55.29,13.23,8.44,2.59,138,41,32.78,30.11,6.2,42.46,23.11,32.47,27.74
9/5/13,2013,248,23.9997,NaN,34,18.16,27.06,20.81,0,49.8,12.32,7.8,2.05,141,43,33.07,30.21,4.83,42.29,23.85,32.38,28.04
9/6/13,2013,249,23.9997,NaN,33.45,17.48,26.45,18.61,0,59.78,16.09,8.04,1.86,140,59,33.06,29.92,8.5,42.73,23.4,32.04,27.8
9/7/13,2013,250,23.9997,NaN,33.67,20.77,27.39,18.58,0,55.11,18.55,6.76,2.31,133,36,34.03,30.32,8.7,42.79,25.27,32.17,28.46
9/8/13,2013,251,23.9997,NaN,33.61,17.28,26.61,19.49,0,61.26,18.22,7.56,2.51,138,45,33.2,30.09,8.77,42.57,23.82,32.15,28.02
9/9/13,2013,252,23.9997,NaN,32.78,18.3,24.39,14.56,0.51,90.1,22.16,9.08,2.37,161,56,31.31,29.73,12.67,38.26,24.36,31.17,28.29
9/10/13,2013,253,23.9997,NaN,23.39,17.58,19.71,6.06,8.64,93.6,65.12,6.44,1.44,153,38,24.13,27.85,17.11,26.89,21.37,29.79,25.91
9/11/13,2013,254,23.9997,NaN,26.56,18.02,20.57,10.38,3.05,94.7,54.14,7.4,1.1,119,47,24.89,25.45,17.55,29.22,20.56,26.47,24.42
9/12/13,2013,255,23.9997,NaN,22.72,17.69,19.87,8.52,20.07,95.1,64.51,7.56,2.51,120,21,22.61,24.23,16.63,25.05,20.16,25.28,23.19
9/13/13,2013,256,23.9997,NaN,22.78,17.01,18.98,5.85,30.99,95,65.59,6.12,1.3,119,59,21.76,22.57,16.26,24.4,19.12,23.4,21.73
9/14/13,2013,257,23.9997,NaN,28.11,17.28,21.67,14.51,1.52,90.7,34.86,5.32,1.29,176,66,24.58,23.36,14.37,29.98,19.18,25.06,21.65
9/15/13,2013,258,23.9997,NaN,30.72,15.65,21.83,19.99,16,94.2,31.31,17.39,2.1,197,66,26.73,24.3,13.55,35.78,17.67,27.16,21.43
9/16/13,2013,259,23.9997,NaN,27.5,16.78,21.17,15.93,0.76,90.6,40.01,8.68,1.78,65,67,25.63,24.29,14.89,31.59,19.67,25.96,22.61
9/17/13,2013,260,23.9997,NaN,28.61,16.82,22.22,16.01,0,87.2,36.54,4.6,1.47,156,32,25.13,24.02,14.97,31.85,18.4,26.01,22.02
9/18/13,2013,261,23.9997,NaN,29.39,17.18,23.5,18.1,0,83.6,37.49,6.68,2.29,156,26,26.96,24.67,14.62,35.38,18.55,27.28,22.06
9/19/13,2013,262,23.9997,NaN,31,16.61,23.39,19.45,0,90,30.64,7.32,2.12,196,63,29.05,25.91,14.78,38.75,19.36,29.04,22.78
9/20/13,2013,263,23.9997,NaN,29.28,15.81,22.39,17.99,0,93.6,32.06,6.52,1.79,168,53,28.1,26.07,13.67,36.77,19.43,28.77,23.36
9/21/13,2013,264,23.9997,NaN,26.45,15.41,20.53,14.62,0,80.6,39.95,6.84,2.54,185,27,26.35,25.34,12.85,32.91,19.79,27.09,23.6
9/22/13,2013,265,23.9997,NaN,28.61,13.08,22.78,19.63,0,84.5,29.74,7.96,3.07,183,31,27.09,25.13,10.12,36.48,17.71,28.04,22.21
9/23/13,2013,266,23.9997,NaN,27.56,12.6,20.65,20.07,0,70.2,14.75,6.92,1.73,276,39,27.42,25.61,4.23,36.33,18.51,28.25,22.97
9/24/13,2013,267,23.9997,NaN,29.61,11.98,20.37,19.81,0,62.43,13.44,5.96,2.27,264,50,26.15,24.71,2.57,35.73,16.57,27.57,21.86
9/25/13,2013,268,23.9997,NaN,30.83,9.58,22.28,19.08,0,75.1,19.16,9.4,2.32,245,41,25.88,24.52,4.94,35.33,16.43,27.36,21.68
9/26/13,2013,269,23.9997,NaN,30.22,20.83,25.33,19.05,0,30.77,15.46,9.88,2.9,235,41,28.05,25.75,2.24,36.07,20.03,28.26,23.25
9/27/13,2013,270,23.9997,NaN,27.78,15.31,22.61,18.15,0,55.24,20.51,16.44,3.73,253,38,28.35,26.36,6.88,34.86,21.84,28.31,24.42
9/28/13,2013,271,23.9997,NaN,25.39,8.13,16.33,20.04,0,47.72,6.94,7.96,2.86,288,39,25.2,24.52,-5.2,33.6,16.79,26.79,22.25
9/29/13,2013,272,23.9997,NaN,27.61,3.97,16.71,19.38,0,66.96,12.74,5.8,1.87,284,54,23.36,22.94,-0.97,32.81,13.92,25.6,20.28
9/30/13,2013,273,23.9997,NaN,30.28,7.31,20.33,19.01,0,73.7,10.41,7.64,1.99,253,42,24.52,23.3,-0.2,33.52,15.52,25.95,20.66
10/1/13,2013,274,23.9997,NaN,31,6.27,20.7,18.87,0,66.22,9.2,8.28,1.62,234,49,24.75,23.5,-2.65,33.53,15.97,26.04,20.97
10/2/13,2013,275,23.9997,NaN,29.89,7.08,20.27,18.67,0,62.27,11.82,9.64,2.01,264,38,24.59,23.42,-1.38,33.26,15.92,25.89,20.95
10/3/13,2013,276,23.9997,NaN,28.11,8.47,21.08,17.65,0,62.98,11.42,11.64,2.73,248,36,23.77,23.16,-0.24,31.1,16.43,25.25,21.08
10/4/13,2013,277,23.9997,NaN,27,13.05,21.72,18.38,0,35.8,14.82,11.72,4.99,248,22,25.55,23.81,0.38,32.53,18.58,25.85,21.77
10/5/13,2013,278,23.9997,NaN,21.61,7.92,14.65,18.41,0,35.77,9.3,8.6,3.39,296,25,23.49,22.74,-9.27,31.13,15.85,24.72,20.76
10/6/13,2013,279,23.9997,NaN,24.95,4.56,14.3,18.29,0,47.21,11.05,5.56,1.94,277,53,21.89,21.4,-5.94,30.42,13.36,23.66,19.14
10/7/13,2013,280,23.9997,NaN,26.22,3.32,15.57,18,0,61.29,10.74,6.52,2,241,56,21.57,20.88,-4.12,30.48,12.66,23.28,18.48
10/8/13,2013,281,23.9997,NaN,28.67,5.92,18.78,17.08,0,56.11,12.13,9.32,2.19,221,45,22.28,21.11,-1.9,30.99,13.57,23.45,18.76
10/9/13,2013,282,23.9997,NaN,28.06,12.68,22.11,16.83,0.76,59.33,15.26,11,3.05,195,47,24.24,22.23,1.57,31.99,16.49,24.38,20.08
10/10/13,2013,283,23.9997,NaN,25.61,10.16,19.47,12.59,0,53.79,15.87,17.47,3.82,238,51,21.57,21.68,2.61,26.93,16.22,23.09,20.26
10/11/13,2013,284,23.9997,NaN,22.78,3.48,14.81,17.25,0,74.6,14,11.88,2.61,254,29,20.53,20.27,-1.06,28.58,12.48,22.28,18.25
10/12/13,2013,285,23.9997,NaN,26.22,7.82,17.07,17.02,0,49.68,16.07,7.16,2.92,226,57,21.79,20.41,-0.54,30.22,13.35,22.66,18.16
10/13/13,2013,286,23.9997,NaN,27.06,9.7,20.13,13.56,0,73.8,19.91,9,2.34,197,56,21.7,20.83,4.68,28.55,14.85,22.69,18.97
10/14/13,2013,287,23.9997,NaN,24.28,14.55,20.82,11.75,0,60.38,29.8,10.12,3.88,247,24,23.14,21.82,6.8,27.79,18.49,23.05,20.59
10/15/13,2013,288,23.9997,NaN,24.39,9.93,16.62,13.97,0,75.5,21.48,9.32,3.53,207,51,22.55,21.47,4.9,29.5,15.59,23.15,19.79
10/16/13,2013,289,23.9997,NaN,23.56,8.28,16.93,16.56,0,78,9.84,9.88,4.17,225,39,23.3,21.48,-0.56,30.71,15.89,23.26,19.69
10/17/13,2013,290,23.9997,NaN,23.89,4.15,15.24,16.67,0,50.15,9.87,6.68,2.65,271,38,20.96,20.18,-8.05,29.41,12.52,22.06,18.3
10/18/13,2013,291,23.9997,NaN,24.67,0.96,13.48,16.33,0,48.13,9.84,5.96,1.68,252,67,19.7,19.23,-8.72,28.83,10.58,21.26,17.19
10/19/13,2013,292,23.9997,NaN,22.06,0.8,12.3,16.13,0,73.1,15.13,5.4,1.81,240,55,18.93,18.54,-3.89,27.73,10.13,20.47,16.61
10/20/13,2013,293,23.9997,NaN,25.45,2.52,15.26,16.11,0,60.72,7.99,10.44,2.64,270,37,18.95,18.23,-8.18,28.04,9.87,20.29,16.17
10/21/13,2013,294,23.9997,NaN,22.72,2.13,13.26,15.65,0,49.33,14.99,7.32,2.26,198,68,19.48,18.4,-4.21,27.85,11.12,20.28,16.52
10/22/13,2013,295,23.9997,NaN,23.5,0.66,13.54,15.43,0,79,17.76,4.6,1.28,237,64,18.91,18.09,-1.67,27.75,10.07,20.04,16.13
10/23/13,2013,296,23.9997,NaN,25.28,3.55,14.7,15.2,0,63.48,13.54,4.84,1.77,233,59,19.11,17.95,-2.19,28.04,10.19,19.98,15.92
10/24/13,2013,297,23.9997,NaN,27.28,8.2,17.61,13.63,0.76,68.88,19.3,6.2,2.11,203,67,19.76,18.38,0.6,27.6,11.92,20.25,16.51
10/25/13,2013,298,23.9997,NaN,25.33,10.41,17.31,14.46,0,89.3,22.87,6.68,2.41,227,55,21.38,19.32,5.71,29.14,13.62,21.04,17.6
10/26/13,2013,299,23.9997,NaN,23.89,8.6,15.49,14.68,0,82.1,17.96,6.36,2.49,290,62,20.43,18.89,3.2,28.45,12.4,20.66,17.13
10/27/13,2013,300,23.9997,NaN,23.17,3.41,14.38,13.66,0,83.4,24.73,5.48,1.82,217,56,18.57,18.25,2.65,25.79,11.35,19.84,16.66
10/28/13,2013,301,23.9997,NaN,24.5,6.61,19.11,13.41,0,75.3,9.54,13,3.28,236,49,19.89,18.38,-3.13,27.08,12.69,20.06,16.69
10/29/13,2013,302,23.9997,NaN,22.06,13.79,19.03,6.06,0,34.67,14.74,12.52,2.17,179,54,18.33,18.87,-3.65,21.65,15.01,19.51,18.23
10/30/13,2013,303,23.9997,NaN,21.72,5.98,16.69,10.16,0,53.53,15.35,11.64,3.84,252,46,18.21,18.11,0.33,23.17,13.25,19.18,17.04
10/31/13,2013,304,23.9997,NaN,21.07,1.63,11.85,14.39,0,60.78,11.32,9.56,2.23,271,49,16.51,16.75,-7.81,24.81,8.21,18.34,15.15
11/1/13,2013,305,23.9997,NaN,20.06,1.75,11.82,14.47,0,41.53,12.71,9.16,2.99,298,46,16.98,16.45,-7.93,25.01,8.96,18.1,14.81
11/2/13,2013,306,23.9997,NaN,21.28,3.82,12.39,14.19,0,50.91,12.33,8.04,2.55,231,61,16.57,16,-7.45,24.71,8.42,17.69,14.32
11/3/13,2013,307,23.9997,NaN,24,2.84,14.93,12.27,0,58.17,15.04,9.72,2.84,233,45,16.93,16.21,-2.63,24.63,9.24,17.95,14.47
11/4/13,2013,308,23.9997,NaN,22.22,5.8,15.81,13,0,89.9,31.1,9,2.77,178,41,18.78,17.32,5.53,26,11.56,18.88,15.75
11/5/13,2013,309,23.9997,NaN,19.66,7.64,15.06,12.32,0,60.47,17.32,11.24,4.64,261,25,18.22,17.68,0.2,23.69,12.75,18.74,16.62
11/6/13,2013,310,23.9997,NaN,17.94,1.51,8.83,13.85,0,51,7.95,6.6,2.61,287,29,15.61,16.11,-11.73,23.11,8.1,17.63,14.59
11/7/13,2013,311,23.9997,NaN,20.37,0.28,10.31,13.59,0,39.64,11.5,6.36,2.45,245,63,14.59,14.64,-10.78,22.81,6.37,16.26,13.03
11/8/13,2013,312,23.9997,NaN,22.45,1.67,12.82,12.98,0,50.41,20.07,5.56,1.72,234,55,15.38,14.77,-4.08,23.54,7.21,16.46,13.07
11/9/13,2013,313,23.9997,NaN,24.17,0.09,12.15,12.93,0,77.6,14.12,5,1.3,256,56,15.78,15.04,-2.2,23.98,7.57,16.66,13.41
11/10/13,2013,314,23.9997,NaN,24.72,2.38,12.79,12.93,0,59.8,11.39,5,1.65,251,56,15.75,14.87,-4.6,23.97,7.53,16.51,13.22
11/11/13,2013,315,23.9997,NaN,25.39,5.83,14.21,12.61,0,49.21,17.21,6.2,2.09,276,44,16.64,15.18,-2.81,24.56,8.71,16.83,13.53
11/12/13,2013,316,23.9997,NaN,17.89,5.17,11.16,12.53,0,78.7,30.75,9.64,3.82,163,64,15.59,15.06,-0.23,21.86,9.31,16.25,13.88
11/13/13,2013,317,23.9997,NaN,15.45,2.91,8.83,5.26,0,84.9,45.22,5.4,1.32,270,62,12.54,14.29,2.86,16.52,8.55,15.31,13.27
11/14/13,2013,318,23.9997,NaN,20.92,5.47,12.9,12.02,0,82.2,26.08,5.64,1.19,212,63,16.25,14.87,2.28,22.91,9.58,16.22,13.52
11/15/13,2013,319,23.9997,NaN,20.37,3.02,12.53,7.15,0,90.5,28.28,13.96,3.15,211,50,13.17,14.3,4.3,18.27,8.07,15.47,13.13
11/16/13,2013,320,23.9997,NaN,21.67,9.6,16.49,12.4,0,87.5,20.73,14.6,5.36,233,34,17.11,15.56,3.68,22.81,11.42,16.76,14.37
11/17/13,2013,321,23.9997,NaN,20.43,8.17,14.85,12.12,0,68.12,21.98,10.12,3.96,228,29,16.69,15.66,1.15,22.72,10.66,16.77,14.56
11/18/13,2013,322,23.9997,NaN,22.06,7.68,14.3,10.05,0,61.38,22.71,5.24,2.33,273,48,17.15,15.69,0.36,23.1,11.2,16.89,14.49
11/19/13,2013,323,23.9997,NaN,22.17,5.17,13.89,10.89,0,68.52,23.83,9,1.98,272,48,15.26,15.1,0.99,21.19,9.32,16.22,13.98
11/20/13,2013,324,23.9997,NaN,20.94,7.27,16.27,6.8,0,59.61,23.05,9.96,2.81,213,39,14.57,14.99,-0.2,18.35,10.79,15.8,14.19
11/21/13,2013,325,23.9997,NaN,21.61,5.87,14.76,10.54,0,78,27.67,7.16,1.76,193,61,15.87,15.25,2.77,22.07,9.67,16.57,13.93
11/22/13,2013,326,23.9997,NaN,18.63,2.58,7.14,5.63,0,69.44,29.16,9.32,4.89,125,21,12.35,15.22,-0.97,14.92,9.77,16.26,14.19
11/23/13,2013,327,23.9997,NaN,6.68,-0.62,3.22,1.92,0,93.1,54.18,9.16,3.32,96,40,8.36,13.16,-2.13,10.29,6.43,14.21,12.11
11/24/13,2013,328,23.9997,NaN,1.13,-2.7,-0.56,3.96,2.29,95.3,69.17,7.48,1.94,21,59,5.96,10.99,-2.69,7.74,4.17,12.12,9.86
11/25/13,2013,329,23.9997,NaN,5.97,-1.87,1.05,6.48,1.02,91.6,62.54,5.72,1.55,272,46,7.32,9.59,-1.79,12.18,2.45,10.32,8.86
11/26/13,2013,330,23.9997,NaN,12.28,-3.34,3.71,11.17,0,87.7,28.8,4.68,1.38,271,48,7.54,8.46,-3.32,14.74,0.33,9.76,7.15
11/27/13,2013,331,23.9997,NaN,8.5,-4.88,2.07,6.42,0,93.5,37.53,2.52,0.53,282,70,4.13,7.62,-3.82,9.08,-0.83,8.81,6.43
11/28/13,2013,332,23.9997,NaN,14.69,-4.72,4.03,11.33,0,92.3,26.9,4.2,1.43,289,38,6.83,7.36,-3.69,14.5,-0.85,8.83,5.88
11/29/13,2013,333,23.9997,NaN,18.46,0.16,7.2,10.65,0,80.7,27.98,5.24,1.9,271,37,8.44,8.04,-1.28,15.89,0.99,9.65,6.42
11/30/13,2013,334,23.9997,NaN,16.65,2.12,8.36,7.16,0,83.7,34.02,4.52,1.57,274,37,8.11,8.69,1.12,13.78,2.44,10.08,7.29
12/1/13,2013,335,23.9997,NaN,17.86,6.17,10.35,6.52,0,78.7,29.7,4.76,1.8,280,35,11.38,10.54,1.8,15.71,7.06,11.7,9.37
12/2/13,2013,336,23.9997,NaN,18.58,1.37,9.08,10.69,0,76.9,14.03,8.28,2.64,263,48,9.59,9.8,-4.45,15.97,3.21,11,8.6
12/3/13,2013,337,23.9997,NaN,20.6,5.01,14.99,9.99,0,41.93,7.68,11.72,4.07,222,34,11.52,10.7,-10.1,17.51,5.52,12.07,9.32
12/4/13,2013,338,23.9997,NaN,19.47,9.8,14.86,9.28,0,67.81,21.23,16.12,6.08,246,29,12.58,11.58,0.41,17.37,7.79,12.73,10.43
12/5/13,2013,339,23.9997,NaN,14,3.25,9.13,7.23,0,68.77,36.59,12.2,3.16,216,45,11.05,11.85,-0.01,15.09,7.01,12.54,11.16
12/6/13,2013,340,23.9997,NaN,10.73,-3.49,4.66,10.95,0,70.3,15.55,7.56,2.51,221,40,8.47,10.3,-9.02,13.84,3.11,11.61,9
12/7/13,2013,341,23.9997,NaN,4.67,-6.4,0.86,3.78,0,89.5,60.63,7.48,2.51,204,31,3.81,8.12,-3.24,7.67,-0.05,9.37,6.87
12/8/13,2013,342,23.9997,NaN,11.37,-0.38,5.93,10.76,0,82.2,27.93,11.8,4.15,217,35,6.32,7.4,-5.58,11.96,0.67,8.55,6.25
12/9/13,2013,343,23.9997,NaN,12.51,-4.45,4.97,10.7,0,75.6,18.38,8.84,3.56,257,43,7,7.54,-8.48,12.74,1.26,8.69,6.38
12/10/13,2013,344,23.9997,NaN,9.12,-6.43,-0.21,10.81,0,39.61,10.86,7.16,3.1,284,21,3.75,6.24,-18.65,10.07,-2.58,7.72,4.75
12/11/13,2013,345,23.9997,NaN,14.05,-5.94,3.77,10.19,0,43.24,14.47,6.52,2.27,270,36,5.08,5.8,-13.34,11.38,-1.21,7.14,4.47
12/12/13,2013,346,23.9997,NaN,5.07,-0.22,1.9,2.9,3.56,95.1,37.22,5.72,2.2,288,27,4.67,6.37,-2.62,7.26,2.09,6.88,5.85
12/13/13,2013,347,23.9997,NaN,14.27,0.06,5.7,8.61,0,96.9,38.41,7.96,1.97,244,48,8.29,7.41,1.31,13.99,2.6,8.7,6.11
12/14/13,2013,348,23.9997,NaN,13.32,-2.24,4.72,10.29,0,88.9,27.39,6.2,1.99,289,39,6.37,6.8,-3.99,12.19,0.55,7.99,5.61
12/15/13,2013,349,23.9997,NaN,12.75,-3.44,4.14,10.32,0,83.3,22.56,5.88,2.11,287,32,4.81,5.64,-6.37,10.75,-1.13,6.73,4.55
12/16/13,2013,350,23.9997,NaN,17.55,-2.54,6.65,10.36,0,74.6,18.27,7.16,2.36,289,36,5.66,5.67,-5.5,12.06,-0.75,7.01,4.33
12/17/13,2013,351,23.9997,NaN,18.85,-0.12,8.33,10.43,0,68.24,18.07,7.24,2.57,284,32,6.89,6.26,-5.67,13.57,0.22,7.73,4.79
12/18/13,2013,352,23.9997,NaN,17.38,-2.68,7.9,8.98,0,78.7,19.08,6.92,2.03,271,61,6.29,6.38,-5.49,12.64,-0.06,7.83,4.93
12/19/13,2013,353,23.9997,NaN,18.85,0.75,12.22,10.3,0,60.32,10.15,10.52,3.63,228,42,8.41,7.75,-8.93,14.3,2.53,9.04,6.45
12/20/13,2013,354,23.9997,NaN,14.61,3.1,9.94,5.02,0,80.3,22.81,10.6,3.15,215,46,8.36,8.41,-1.49,12.31,4.41,9.29,7.54
12/21/13,2013,355,23.9997,NaN,8.16,1.87,4.73,5.9,0.51,85.5,50.12,14.36,7.57,244,16,5.63,7.99,-1.14,7.71,3.55,8.72,7.26
12/22/13,2013,356,23.9997,NaN,10.53,-4.44,4.59,10.37,0,90.4,21.48,10.52,2.59,263,48,6.37,6.98,-6.12,11.83,0.9,7.95,6.01
12/23/13,2013,357,23.9997,NaN,13.49,-4.78,2.87,10.48,0,82.3,18.38,5.88,1.97,272,37,4.59,5.7,-8.41,10.48,-1.3,6.89,4.5
12/24/13,2013,358,23.9997,NaN,14.35,-7.02,2.9,10.4,0,83.6,24.26,4.92,1.62,266,41,3.65,4.67,-6.9,9.79,-2.49,5.85,3.5
12/25/13,2013,359,23.9997,NaN,12.41,-1.21,4.71,10.21,0,71.6,23.41,7.56,2.39,242,59,4.63,4.93,-5.94,10.12,-0.87,6.12,3.75
12/26/13,2013,360,23.9997,NaN,11.67,-4.28,2.18,10.36,0,79.4,24.35,4.36,1.51,269,46,3.81,4.58,-7.17,9.5,-1.89,5.66,3.49
12/27/13,2013,361,23.9997,NaN,13.71,-5.6,3.15,10.43,0,77.2,17.77,5.48,1.94,274,51,3.5,4.13,-8.89,9.38,-2.37,5.3,2.97
12/28/13,2013,362,23.9997,NaN,13.96,-7.48,4.11,10.35,0,82.1,24.49,7.96,1.54,224,61,2.67,3.83,-7.8,8.47,-3.14,5.05,2.62
12/29/13,2013,363,23.9997,NaN,10.85,-3.68,4.75,6.56,0,74.4,27.19,5,1.65,182,64,4.75,5.21,-6.93,8.7,0.79,6.3,4.13
12/30/13,2013,364,23.9997,NaN,12.95,-7.52,2.42,10.51,0,91.4,16.02,4.6,1.28,258,62,3.58,4.4,-8.19,9.61,-2.44,5.6,3.2
12/31/13,2013,365,23.9997,NaN,13.62,-6.37,3.83,10.51,0,71,19.22,5.48,1.39,246,62,3.57,4.09,-9.29,9.65,-2.51,5.32,2.86
1/1/14,2014,1,23.9997,NaN,17.7,-4.89,5.95,10.52,0,71.2,15.2,5.32,1.54,293,44,4.25,4.28,-8.57,10.8,-2.3,5.7,2.85
1/2/14,2014,2,23.9997,NaN,14.35,-2.47,4.56,10.57,0,63.59,23.1,5.32,1.65,264,51,4.6,4.62,-7.73,10.64,-1.44,5.86,3.38
1/3/14,2014,3,23.9997,NaN,14.8,-4.89,6.51,10.7,0,78.5,22.84,9.24,2.88,239,42,4.15,4.45,-6.63,10.39,-2.09,5.83,3.06
1/4/14,2014,4,23.9997,NaN,17.2,4.2,12.66,6.53,0,44.54,17.47,15.87,6.12,227,25,7.25,6.59,-7.26,11.26,3.23,7.94,5.25
1/5/14,2014,5,23.9997,NaN,10.24,-5.18,3,10.06,0,38.85,7.32,7.96,2.78,287,31,5.6,6.82,-19,11.26,-0.06,7.88,5.75
1/6/14,2014,6,23.9997,NaN,11.3,-6.63,0.73,11.14,0,32.69,6.61,5.96,2.28,272,42,3.35,4.79,-20.92,9.55,-2.86,6.24,3.33
1/7/14,2014,7,23.9997,NaN,11.94,-8.98,2.17,11.01,0,47.76,9.38,8.2,1.69,233,67,2.33,3.44,-17.62,8.88,-4.21,4.72,2.17
1/8/14,2014,8,23.9997,NaN,18.26,-2.57,8.06,10.72,0,50.36,11.77,11.4,2.11,256,45,6.13,5.31,-12.3,12.53,-0.28,6.79,3.83
1/9/14,2014,9,23.9997,NaN,15.11,-7.22,6.58,8.17,0,54.69,14.3,10.2,2.32,216,50,3.97,5.25,-12.63,9.57,-1.63,6.63,3.88
1/10/14,2014,10,23.9997,NaN,17.01,-2.95,9.66,11.12,0,48.63,13.09,10.36,3.21,230,37,7.8,6.85,-11.06,13.84,1.77,8.16,5.54
1/11/14,2014,11,23.9997,NaN,18.48,-5.27,8.53,11.15,0,60.52,14.22,11.24,2.16,198,51,6.91,6.44,-9.73,13.96,-0.15,7.9,4.98
1/12/14,2014,12,23.9997,NaN,20.68,6.1,13.13,9.59,0,33.03,11.26,13.16,6.25,224,33,9.68,8.11,-8.86,14.67,4.69,9.46,6.75
1/13/14,2014,13,23.9997,NaN,15.02,-3.59,5.73,11.54,0,41.38,9.68,4.92,1.88,286,47,7.34,7.54,-16.19,13.92,0.76,9.04,6.03
1/14/14,2014,14,23.9997,NaN,16.17,-5.04,7.42,11.77,0,44.41,10.92,8.68,3.04,299,29,6.83,6.47,-13.92,14.05,-0.38,8.02,4.92
1/15/14,2014,15,23.9997,NaN,17.45,-5.72,6.99,11.58,0,49.04,11.3,5.48,1.83,276,53,6.91,6.36,-13.64,14.15,-0.34,7.88,4.84
1/16/14,2014,16,23.9997,NaN,18.25,-3,7.97,11.78,0,46.32,11.36,8.2,2.64,298,44,7.32,6.57,-12.88,15.09,-0.45,8.23,4.9
1/17/14,2014,17,23.9997,NaN,16.51,-4.65,5.05,11.77,0,49.58,11.77,5.4,1.62,257,52,6.43,6.2,-13.51,13.99,-1.12,7.7,4.7
1/18/14,2014,18,23.9997,NaN,18.81,-4.55,6.6,11.94,0,48.49,10.38,5.56,2.05,277,49,6.88,6.09,-13.3,14.86,-1.09,7.81,4.37
1/19/14,2014,19,23.9997,NaN,17.08,-3.5,7.33,10.54,0,50.08,13.05,5.08,1.62,275,58,6.34,6.25,-12.47,13.24,-0.56,7.78,4.72
1/20/14,2014,20,23.9997,NaN,20,-6.18,8.3,12.32,0,53.58,8.73,6.2,2.16,291,45,7.71,6.63,-13.26,16.06,-0.64,8.44,4.83
1/21/14,2014,21,23.9997,NaN,17.98,-1.1,6.51,12.19,0,43.82,11.6,4.68,1.59,268,44,8.05,6.95,-12.9,15.69,0.42,8.53,5.36
1/22/14,2014,22,23.9997,NaN,18.13,-0.57,9.08,9.61,0,39.92,12.41,6.52,2.38,247,55,7.87,7.11,-12.28,14.32,1.42,8.68,5.54
1/23/14,2014,23,23.9997,NaN,14.74,-4.69,3.78,9.9,0,64.3,13.63,9,3.61,127,62,7.38,7.76,-10.19,12.07,2.68,8.53,7
1/24/14,2014,24,23.9997,NaN,9.8,-6.1,0.39,11.96,0,67.45,23.85,4.44,1.68,278,38,6.11,6.3,-10.87,12.87,-0.65,7.62,4.99
1/25/14,2014,25,23.9997,NaN,17.25,-0.74,7.7,11.35,0,43.75,13.15,5.4,1.65,282,52,9.8,7.54,-10.54,17.02,2.59,9.35,5.73
1/26/14,2014,26,23.9997,NaN,21.45,-4.72,9.42,12.57,0,58.35,13.21,10.04,2.14,281,50,9.69,8.02,-8.41,18.13,1.24,9.88,6.15
1/27/14,2014,27,23.9997,NaN,14.1,0.75,9.1,10.15,0,58.61,14.32,10.36,3.38,222,43,10.69,9.02,-7.4,16.39,4.98,10.34,7.69
1/28/14,2014,28,23.9997,NaN,14.72,-4.93,5.41,12.91,0,86.8,21.65,6.84,2.02,193,51,9.64,8.53,-7.54,17.53,1.75,10.05,7
1/29/14,2014,29,23.9997,NaN,14.76,-9.09,4.48,13.24,0,53.53,12.07,8.68,1.91,186,39,7.16,7.27,-14.43,15.95,-1.64,9.12,5.42
1/30/14,2014,30,23.9997,NaN,21.22,8.11,16.23,9.94,0,24.09,11.6,12.28,5.32,224,28,10.52,8.96,-10.24,15.59,5.44,10.47,7.44
1/31/14,2014,31,23.9997,NaN,20.3,11.92,16.2,12.71,0,30.19,17.32,16.44,6.5,247,27,14.38,11.18,-4.72,20.22,8.54,12.7,9.66
2/1/14,2014,32,23.9997,NaN,15.33,6.51,11.32,10.34,0,54.7,25.83,13.4,4.16,246,28,12.44,11.5,-1.78,16.56,8.32,12.4,10.6
2/2/14,2014,33,23.9997,NaN,13.49,2.21,7.47,11.76,0,72.1,23.03,6.36,2.31,252,51,11.61,10.78,-4.87,17.57,5.64,11.87,9.69
2/3/14,2014,34,23.9997,NaN,15.5,-2.46,8.23,13.05,0,84.8,12.72,11.72,3.17,230,39,11.04,10.13,-6.31,18.8,3.27,11.63,8.64
2/4/14,2014,35,23.9997,NaN,11.14,0.27,6.23,13.98,0,55.67,17.74,11.8,5.7,244,20,11.13,10.04,-8.51,17.88,4.39,11.27,8.8
2/5/14,2014,36,23.9997,NaN,8.79,-3.04,2.46,7.24,0,57.56,30.81,6.68,2.28,146,43,7.48,9.11,-8.88,12.23,2.73,10.42,7.8
2/6/14,2014,37,23.9997,NaN,4.99,-5.76,0.08,9.66,0,69.32,33.68,6.04,1.52,169,51,5.81,7.42,-9.7,11.71,-0.09,8.67,6.18
2/7/14,2014,38,23.9997,NaN,14.66,0.22,7.95,13.88,0,57.94,24.88,11.48,3.97,231,36,11.22,8.87,-5.6,18.27,4.18,10.58,7.15
2/8/14,2014,39,23.9997,NaN,19.69,-2.85,10.3,13.95,0,70.7,14.43,7.8,1.94,236,64,11.64,9.62,-6.86,20.7,2.58,11.56,7.67
2/9/14,2014,40,23.9997,NaN,23.17,-0.35,12.96,14.39,0,53.63,14.69,13.56,2.88,250,48,13.53,10.74,-6.03,22.84,4.21,12.82,8.67
2/10/14,2014,41,23.9997,NaN,22.95,2.07,13.24,13.53,0,55.82,12.91,13.08,3.8,246,32,13.9,11.57,-6.09,22.26,5.54,13.34,9.81
2/11/14,2014,42,23.9997,NaN,16.3,1.56,9.74,14.61,0,68.31,22.89,9.08,2.86,254,54,14.31,11.96,-4,22.59,6.04,13.57,10.36
2/12/14,2014,43,23.9997,NaN,20.4,-2.97,10.05,15.04,0,73.1,9.3,8.68,2.01,270,44,12.73,11.14,-9.74,22.25,3.22,13.04,9.25
2/13/14,2014,44,23.9997,NaN,24.5,-0.79,13.33,14.82,0,37.89,11.08,9,2.47,268,49,14.7,11.91,-10.17,24.29,5.1,13.97,9.86
2/14/14,2014,45,23.9997,NaN,25.67,-0.45,15.25,14.28,0,42.25,10.54,8.76,1.7,239,55,15.66,12.74,-8.96,25.38,5.94,14.82,10.67
2/15/14,2014,46,23.9997,NaN,28,4.38,18.46,15.52,0,34.83,7.14,11.32,2.94,215,44,16.73,13.45,-9.91,26.73,6.72,15.57,11.32
2/16/14,2014,47,23.9997,NaN,27.45,5.77,18.45,14.31,0,26.16,5.49,12.36,3.35,258,36,17.68,14.51,-12.24,26.09,9.27,16.28,12.74
2/17/14,2014,48,23.9997,NaN,22.22,8.49,16.63,11.12,0,23.25,9.48,7.32,3.09,237,50,16.21,14.73,-11.08,22.03,10.4,15.92,13.55
2/18/14,2014,49,23.9997,NaN,25.78,0.6,15.42,15.71,0,34,7.92,11.72,2.76,255,38,17.18,14.36,-11.54,27.22,7.13,16.39,12.33
2/19/14,2014,50,23.9997,NaN,23.39,5.78,17.79,11.58,0,28.11,9.77,10.2,4.95,232,28,17.5,15.06,-10.95,23.86,11.13,16.43,13.7
2/20/14,2014,51,23.9997,NaN,17.47,1.69,11.68,16.54,0,30.01,7.05,10.52,3.03,299,48,17.09,14.77,-16.95,26.17,8.02,16.37,13.16
2/21/14,2014,52,23.9997,NaN,20.4,0.16,11.57,14.29,0,15.2,6.81,10.84,3.83,270,32,14.09,13.24,-19.46,23.1,5.07,15.06,11.42
2/22/14,2014,53,23.9997,NaN,22.95,-0.3,14.35,16.71,0,25.07,6.54,11.32,3.32,252,28,15.63,13.72,-15.64,25.68,5.58,15.67,11.77
2/23/14,2014,54,23.9997,NaN,22.22,3.38,14.63,13.23,0,26.4,7.95,8.6,2.06,274,47,17.04,14.59,-13.15,25.16,8.92,16.3,12.87
2/24/14,2014,55,23.9997,NaN,23.95,5.5,16,13.36,0,31.02,10.48,7.24,1.74,249,53,18.19,15.4,-9.5,26.37,10.01,17.04,13.76
2/25/14,2014,56,23.9997,NaN,23.61,6.98,15.61,10.45,0,32.27,12.8,11.08,2.69,253,37,17.68,15.49,-7.42,24.52,10.83,16.86,14.12
2/26/14,2014,57,23.9997,NaN,21.17,9.96,15.98,15.53,0,44.33,20.62,11.48,3.93,206,36,21.16,16.68,-2.28,29.5,12.83,18.42,14.94
2/27/14,2014,58,23.9997,NaN,22.56,4.59,15.51,17.02,0,47.46,14.96,13,4.33,246,30,19.43,16.57,-3.82,28.49,10.37,18.26,14.89
2/28/14,2014,59,23.9997,NaN,23.22,3.92,16.33,17.51,0,63.37,14.35,11,2.78,242,35,19.36,16.44,-3.5,29.39,9.32,18.36,14.52
3/1/14,2014,60,23.9997,NaN,22,11.17,16.48,11.38,0,64.77,15.13,16.2,3.84,254,48,18.89,16.66,-1.1,25.2,12.59,17.81,15.51
3/2/14,2014,61,23.9997,NaN,17.15,6.98,11.55,17.44,4.83,89.1,25.83,12.2,3.48,234,38,18.85,16.43,1.71,27.44,10.26,17.9,14.96
3/3/14,2014,62,23.9997,NaN,17.75,4.02,9.96,11.46,0,84.9,27.71,5.4,1.64,270,69,15.72,14.96,0.5,23.81,7.63,16.54,13.38
3/4/14,2014,63,23.9997,NaN,17.15,0.3,10.56,10.69,0,88.9,28.29,8.92,2.35,222,45,12.15,13.54,-0.63,19.49,4.82,15.13,11.94
3/5/14,2014,64,23.9997,NaN,21.03,4.43,13.12,17.94,0,72,15.5,7.96,2.33,273,61,17.53,14.66,-2.25,28.62,6.44,17.11,12.22
3/6/14,2014,65,23.9997,NaN,20.7,1.44,13.51,15.82,0,73.4,14.77,7.48,2.23,188,41,16.58,15.02,-4.23,26.3,6.86,17.06,12.98
3/7/14,2014,66,23.9997,NaN,23.67,5.07,15.98,17.48,0,48.48,10.92,12.6,3.59,261,33,18.55,16,-5.97,27.87,9.23,17.95,14.05
3/8/14,2014,67,23.9997,NaN,16.37,3.92,10.37,10.27,0,61.33,22.49,7.72,2.32,188,76,15.79,15.63,-2.75,22.4,9.17,17.17,14.08
3/9/14,2014,68,23.9997,NaN,17.95,-0.45,8.84,18.91,0,67.82,13.38,5.64,1.85,253,66,16.5,14.59,-6.67,27.18,5.82,16.88,12.29
3/10/14,2014,69,23.9997,NaN,22.45,-3.37,12.06,19.3,0,68.46,11.12,9.24,2.3,250,47,16.82,14.73,-7.79,28.59,5.05,17.28,12.18
3/11/14,2014,70,23.9997,NaN,25.22,3.4,16.7,19.24,0,41.98,8.15,11.08,3.2,264,41,20.14,16.38,-10.75,30.99,9.28,18.79,13.96
3/12/14,2014,71,23.9997,NaN,15.3,3.11,9.36,18.4,0,45.54,14.78,7.08,2.63,144,63,18.34,16.29,-8.72,27.32,9.36,18.05,14.52
3/13/14,2014,72,23.9997,NaN,19.18,0.9,10.42,18.1,0,43.84,15.3,6.76,1.91,229,55,17.43,15.41,-8.12,28.2,6.67,17.65,13.18
3/14/14,2014,73,23.9997,NaN,21.39,6.65,14.7,16.81,0,46.18,13.04,13.24,2.75,267,34,19.23,16.52,-4.6,28.08,10.38,18.53,14.51
3/15/14,2014,74,23.9997,NaN,20.1,4.86,11.55,13.14,0,84.8,12.34,15.32,4.14,315,36,18.75,16.59,-2.73,26.96,10.55,18.02,15.17
3/16/14,2014,75,23.9997,NaN,16.74,2.21,9.92,19.95,0,74.4,10.22,9.24,3.13,282,58,18.53,15.96,-9.39,29.22,7.84,18.12,13.81
3/17/14,2014,76,23.9997,NaN,23.95,-0.79,14.14,19.88,0,33.78,7.35,13,3.64,253,41,18.42,15.88,-13.35,30.16,6.68,18.29,13.46
3/18/14,2014,77,23.9997,NaN,23.78,8.96,17.66,19.75,0,14.13,5.86,12.68,4.76,253,29,21.42,17.41,-14.34,31.01,11.83,19.54,15.29
3/19/14,2014,78,23.9997,NaN,20.52,2.61,11.89,18.95,0,24.8,8.03,5.4,2.26,242,59,19.82,17.09,-14.56,30.54,9.09,19.18,15
3/20/14,2014,79,23.9997,NaN,24.17,0.41,14.56,18.48,0,34.21,7.88,9.72,2.13,237,56,19.68,16.95,-12.22,31.2,8.15,19.36,14.54
3/21/14,2014,80,23.9997,NaN,24.61,8.23,17.61,19.18,0,21.26,6.54,12.44,3.15,251,37,22.77,18.51,-12.24,32.92,12.62,20.69,16.33
3/22/14,2014,81,23.9997,NaN,24.5,6.16,16.56,19.07,0,28.82,9.16,12.68,3.47,261,33,22.74,18.93,-11.22,32.43,13.05,20.83,17.02
3/23/14,2014,82,23.9997,NaN,21.02,4.25,13.49,18.78,0,43.31,13.5,10.2,3.22,207,54,21.68,18.34,-7.55,32.86,10.49,20.52,16.17
3/24/14,2014,83,23.9997,NaN,24.11,2.61,14.48,17.89,0,47.41,9.54,6.36,1.73,234,68,22.05,18.57,-8.82,33.72,10.39,20.82,16.31
3/25/14,2014,84,23.9997,NaN,22.39,4.92,14.32,16.99,3.05,87.3,14.29,11,3.15,158,64,20.7,18.36,-5.21,30.61,10.78,20.28,16.45
3/26/14,2014,85,23.9997,NaN,22.95,5.26,15.72,20.09,0.25,90.9,8.73,18.27,4.94,231,35,21.3,18.43,-2.03,32.33,10.27,20.48,16.37
3/27/14,2014,86,23.9997,NaN,21.07,8.31,16.16,20.52,0,33.77,14.59,13,5.18,251,21,21.3,18.78,-4.9,31.47,11.13,20.84,16.72
3/28/14,2014,87,23.9997,NaN,22.67,7.54,16.23,20.95,0,41.2,11.49,10.52,3.28,275,41,22.2,19.12,-6.98,33.41,11,21.5,16.74
3/29/14,2014,88,23.9997,NaN,24.56,6.07,15.8,20.79,0,34.05,10.01,7.64,2.59,197,59,22.5,19.41,-8.89,33.94,11.07,21.79,17.02
3/30/14,2014,89,23.9997,NaN,27.11,5.07,18.03,17.39,0,41.09,5.86,14.2,3.62,240,44,20.55,19.2,-8.98,29.5,11.61,20.94,17.46
3/31/14,2014,90,23.9997,NaN,24.17,10.16,18.17,22.42,0,25.81,5.93,11.96,3.55,234,32,22.84,19.64,-12.38,33.69,11.99,21.85,17.44
4/1/14,2014,91,23.9997,NaN,24.95,10.46,19.39,19.88,0,20.21,5.6,13.8,4.64,238,38,22.52,19.72,-13.36,32.42,12.63,21.73,17.71
4/2/14,2014,92,23.9997,NaN,24.5,12.22,18.5,22.28,0,26.81,6.1,19.96,4.88,253,36,23.75,20.16,-13.25,34.46,13.03,22.35,17.96
4/3/14,2014,93,23.9997,NaN,19.39,6.46,12.34,23.11,0,35.88,7.28,9.16,2.8,274,34,23.12,20.07,-13.27,34.33,11.91,22.07,18.06
4/4/14,2014,94,23.9997,NaN,20.87,2.45,13.18,20.73,0,30.12,9.98,9.48,3.06,177,51,20.34,18.85,-11.17,31.58,9.11,21.02,16.68
4/5/14,2014,95,23.9997,NaN,20.06,7.8,15.78,22.28,0,28.58,8.16,14.12,4.28,243,33,23.52,19.86,-10.33,33.39,13.66,21.86,17.85
4/6/14,2014,96,23.9997,NaN,21.28,5.36,13.79,22.27,0,40.28,11.19,12.76,3.24,285,33,22.48,19.79,-8.13,33.56,11.39,22.03,17.55
4/7/14,2014,97,23.9997,NaN,22.72,4.99,14.58,23.44,0,26.32,7.82,12.44,3.6,299,43,23.35,20.01,-12.55,35.14,11.56,22.27,17.75
4/8/14,2014,98,23.9997,NaN,26.06,6.27,17.84,23.27,0,21.5,8.42,9,2.6,251,56,24.31,20.18,-12.1,37.26,11.36,22.83,17.54
4/9/14,2014,99,23.9997,NaN,29.56,7.05,20.82,23.31,0,20.93,4.71,10.12,2.56,240,51,26.06,21.32,-13.97,38.95,13.17,23.92,18.73
4/10/14,2014,100,23.9997,NaN,30.72,6.67,20.17,20.1,0,15.05,1.99,12.36,2.7,257,41,24.84,21.26,-17.87,36.07,13.61,23.28,19.24
4/11/14,2014,101,23.9997,NaN,29.39,8.7,21.45,20.17,0,13.18,4.08,11.72,2.77,246,42,24.26,21.36,-14.26,35.63,12.89,23.62,19.09
4/12/14,2014,102,23.9997,NaN,27.78,18.53,22.61,15.59,0,30.17,8.99,19.16,4.6,227,51,25.71,22.39,-6.51,32.07,19.36,23.76,21.02
4/13/14,2014,103,23.9997,NaN,25.33,10.69,20.16,24.44,0,36.48,8.19,14.52,5.86,251,19,26.77,22.44,-10.11,37.53,16.01,24.55,20.33
4/14/14,2014,104,23.9997,NaN,19.46,3.78,13.21,24.63,0,39.63,9.27,8.76,3.45,339,66,26.34,22.38,-8.37,37.54,15.14,24.44,20.31
4/15/14,2014,105,23.9997,NaN,20.77,-1.05,12.22,24.31,0,47.94,8.3,8.2,2.6,178,36,22.74,20.79,-12.35,35.71,9.77,23.11,18.47
4/16/14,2014,106,23.9997,NaN,27.78,4.06,18.46,24.85,0,19.48,3.57,12.84,3.09,260,41,25.16,21.39,-16.58,38.47,11.84,23.99,18.8
4/17/14,2014,107,23.9997,NaN,27,11.08,19.45,24.28,0,27.43,6.84,7.64,3.1,252,69,27.8,22.71,-7.42,40.15,15.45,25.18,20.25
4/18/14,2014,108,23.9997,NaN,26.95,10.04,19.46,17.6,0,38.9,13.54,11.8,2.59,174,49,25.16,22.52,-1.53,34.67,15.64,24.24,20.79
4/19/14,2014,109,23.9997,NaN,22.56,7.11,15.71,14.84,0,83,28.04,9.96,3.05,271,58,26.52,22.68,5.06,35.05,17.98,24.06,21.31
4/20/14,2014,110,23.9997,NaN,25.83,4.26,16.74,23.62,0,91,16.84,7.48,1.91,241,51,25.93,22.18,2.18,38.65,13.22,24.71,19.64
4/21/14,2014,111,23.9997,NaN,30.11,8.62,20.82,22.78,0,57.68,11.62,6.28,2.04,226,67,27.34,23.11,-1.57,39.52,15.15,25.59,20.62
4/22/14,2014,112,23.9997,NaN,30.67,13.26,24.17,21.49,0,40.94,10.38,11.48,3.83,179,41,28.86,24.09,-1.67,40.16,17.56,26.42,21.76
4/23/14,2014,113,23.9997,NaN,27.56,17.45,22.5,24.54,0,20.87,8.59,14.43,5.5,251,22,29.54,24.83,-7.22,39.29,19.79,26.64,23.02
4/24/14,2014,114,23.9997,NaN,27.61,7.81,19.42,25.58,0,21.43,5.32,8.36,2.61,261,51,27.84,24.13,-12.68,40.55,15.14,26.5,21.75
4/25/14,2014,115,23.9997,NaN,29.61,7.75,22.45,23.63,0,22.84,5.93,13.96,4.05,247,35,28.18,24.37,-10.94,40.05,16.3,26.66,22.08
4/26/14,2014,116,23.9997,NaN,26.11,10.88,20.17,20.68,0,35.51,8.59,21.15,6.04,267,34,28.15,24.7,-8.05,36.5,19.8,26.27,23.13
4/27/14,2014,117,23.9997,NaN,20.6,8.7,14.95,24.58,0,41.91,13.04,15.08,6.16,258,16,25.21,23.38,-7.09,35.42,15,25.26,21.5
4/28/14,2014,118,23.9997,NaN,26.22,6.17,17.87,25.54,0,36.75,9.13,17.39,4.03,279,34,26.43,23.18,-8.25,38.65,14.2,25.56,20.79
4/29/14,2014,119,23.9997,NaN,19.28,6.71,13.4,26.43,0,16.71,7.18,12.04,3.96,328,38,25.43,22.91,-17.02,37,13.86,24.93,20.9
4/30/14,2014,120,23.9997,NaN,19.18,4.68,13.53,24.13,0,29.43,13.68,11.16,4.91,116,25,23.12,21.7,-9.35,33.67,12.57,23.66,19.75
5/1/14,2014,121,23.9997,NaN,20.28,11.37,15.21,23.45,0,40.51,13.17,11.72,4.26,129,38,26.5,22.39,-5.47,36.45,16.55,24.43,20.35
5/2/14,2014,122,23.9997,NaN,25.33,4.36,17.38,25.38,0,62.86,8.45,9.56,2.5,226,58,26.59,22.89,-5.84,39.32,13.86,25.4,20.39
5/3/14,2014,123,23.9997,NaN,29.78,9.39,22,25.8,0,23.95,5.89,8.76,3.06,198,37,28.4,23.89,-11.27,41.45,15.35,26.51,21.28
5/4/14,2014,124,23.9997,NaN,32.28,10.2,24.06,26.25,0,15.58,3.57,11.88,3.29,238,41,29.7,24.89,-13.65,42.77,16.63,27.51,22.27
5/5/14,2014,125,23.9997,NaN,30.56,8.86,23.39,25.79,0,16.23,6.06,14.43,3.54,247,34,29.66,25.39,-11.6,42.1,17.21,27.81,22.96
5/6/14,2014,126,23.9997,NaN,28.5,17.86,23.56,25.5,0,15.21,7.98,15.15,5.53,252,26,30.11,25.82,-8.37,40.66,19.57,27.88,23.77
5/7/14,2014,127,23.9997,NaN,25.5,12.18,19.85,24.39,0,26.2,6.74,24.19,6.22,267,25,28.85,25.59,-7.32,38.07,19.63,27.3,23.87
5/8/14,2014,128,23.9997,NaN,22.83,4.2,16.6,26.36,0,31.17,8.76,14.28,4.26,248,28,26.52,24.23,-9.83,38.26,14.79,26.39,22.07
5/9/14,2014,129,23.9997,NaN,27.72,4.92,19.27,26.19,0,32.4,7.07,12.84,3.25,251,41,27.35,24.23,-9.64,40.38,14.32,26.79,21.68
5/10/14,2014,130,23.9997,NaN,30,9.3,23.39,26.36,0,22.79,6.4,14.04,4.31,253,33,29.68,25.3,-8.58,41.99,17.38,27.82,22.78
5/11/14,2014,131,23.9997,NaN,28.83,15.4,23.22,26.19,0,18.95,9.46,21.07,6.14,260,32,30.23,26.14,-7.49,40.58,19.87,28.16,24.11
5/12/14,2014,132,23.9997,NaN,24.5,10.37,17.57,26.65,0,31.94,6.54,10.92,3.27,287,42,28.98,25.61,-9.88,41.07,16.9,27.86,23.35
5/13/14,2014,133,23.9997,NaN,19.58,6.81,13.41,25.58,0,40.47,17.66,12.84,2.72,51,58,26.98,24.74,-6.05,38.28,15.67,26.76,22.72
5/14/14,2014,134,23.9997,NaN,21.11,4.36,13.93,26.69,0,37.88,10.04,6.52,1.96,140,63,25.91,23.84,-10.13,38.42,13.41,26.2,21.49
5/15/14,2014,135,23.9997,NaN,26.61,3.63,17.67,26.68,0,24.35,7.24,6.84,1.93,184,43,26.55,23.82,-12.55,40.17,12.94,26.54,21.11
5/16/14,2014,136,23.9997,NaN,32.11,6.2,22.83,26.18,0,20.24,5.62,9.64,2.43,278,50,29.25,25.07,-11.5,43.08,15.42,28.04,22.1
5/17/14,2014,137,23.9997,NaN,33.67,10.26,25.61,25.75,0,17.57,4.85,12.52,2.57,237,48,31.66,26.68,-11.3,44.35,18.96,29.31,24.04
5/18/14,2014,138,23.9997,NaN,34.33,9.68,26.22,24.91,0,14.07,2.36,12.84,3.07,260,34,31.61,27.28,-15.5,44.07,19.14,29.78,24.78
5/19/14,2014,139,23.9997,NaN,31.72,22.67,27.22,24.21,0,6.78,2.76,12.84,5.36,244,20,31.7,27.79,-17.42,40.57,22.83,29.57,26.01
5/20/14,2014,140,23.9997,NaN,32.56,12.1,26.06,24.19,0,9.47,4.35,11,3.06,251,37,30.51,27.32,-13.92,41.12,19.9,29.57,25.08
5/21/14,2014,141,23.9997,NaN,32.89,13.68,25.33,25.22,0,17.66,6.09,12.36,2.6,230,53,32.76,27.89,-9.4,44.51,21.01,30.34,25.43
5/22/14,2014,142,23.9997,NaN,29.5,14.16,22.78,15.62,0,28.58,11.89,17.47,2.6,232,52,29.53,27.74,-3.08,37.23,21.83,29.51,25.97
5/23/14,2014,143,23.9997,NaN,30.28,15.88,22.67,23.99,0,47.55,11.99,10.12,3.16,253,52,31.68,27.39,1.62,42.94,20.41,29.85,24.93
5/24/14,2014,144,23.9997,NaN,28.45,14.47,21.39,26.21,0,65.7,7.95,14.76,3.79,256,41,31.66,27.9,-2.15,42.32,21,30.08,25.72
5/25/14,2014,145,23.9997,NaN,27.61,9.32,19.83,23.74,0,49.15,11.25,10.12,2.64,283,40,30.15,27.3,-0.91,41.39,18.91,29.49,25.12
5/26/14,2014,146,23.9997,NaN,28.33,15.3,21.67,24.35,0,59.69,18.63,11.32,2.81,317,50,32.05,27.82,4.06,42.08,22.01,29.98,25.66
5/27/14,2014,147,23.9997,NaN,34.78,12.35,25.45,27.35,0,41.99,6.5,12.84,2.27,321,69,33.05,28.38,-2.04,46.05,20.05,31.19,25.57
5/28/14,2014,148,23.9997,NaN,35.45,16.98,27.89,25.92,0,32.6,8.99,8.44,2.83,178,50,34.91,29.65,1.01,47.17,22.64,32.38,26.92
5/29/14,2014,149,23.9997,NaN,33.33,19.56,27.33,19.41,0,34.92,12.52,10.04,2.56,141,50,34.11,30.13,3.22,42.59,25.63,31.75,28.5
5/30/14,2014,150,23.9997,NaN,34.06,21.33,27.45,22.21,0,34.85,12.52,8.12,2.76,210,62,35.9,30.5,3.66,46.4,25.4,32.74,28.27
5/31/14,2014,151,23.9997,NaN,37.22,16.78,29.89,24.46,0,43.56,9.09,11.56,2.83,212,47,35.98,31.02,1.99,47.67,24.28,33.58,28.46
6/1/14,2014,152,23.9997,NaN,37.39,15.83,30.06,26.25,0,25.83,4.71,12.36,3.47,257,30,36.37,31.57,-5.67,48.24,24.5,34.05,29.1
6/2/14,2014,153,23.9997,NaN,38.89,21.17,31.28,25.66,0,13.31,4.47,6.76,2.24,232,64,36.79,31.84,-7.44,49.23,24.35,34.46,29.22
6/3/14,2014,154,23.9997,NaN,40.72,20.5,32.06,24.42,0,14.73,5.38,10.36,2.92,211,49,37.46,32.32,-4.71,49.12,25.8,34.79,29.85
6/4/14,2014,155,23.9997,NaN,40.45,17.26,31.22,26,0,19.05,3.87,11.64,2.89,259,37,37.58,32.62,-7,49.98,25.17,35.24,30
6/5/14,2014,156,23.9997,NaN,40,17.51,31,26.48,0,11.09,3.1,10.52,2.64,254,41,37.37,32.7,-11.03,49.9,24.83,35.31,30.1
6/6/14,2014,157,23.9997,NaN,38.83,16.02,30.39,26.32,0,13.85,3.54,13.88,2.92,264,34,37.06,32.71,-10.76,49.36,24.77,35.24,30.18
6/7/14,2014,158,23.9997,NaN,37,13.07,28.78,27.13,0,10.72,3.33,10.12,1.77,231,57,36.31,32.41,-13.9,49.09,23.54,34.99,29.84
6/8/14,2014,159,23.9997,NaN,35.45,17.89,27.83,24.84,0,62,3.87,11.72,4.05,244,38,36.88,32.53,-2.05,48.46,25.29,34.93,30.13
6/9/14,2014,160,23.9997,NaN,34.83,20.4,27.39,26.98,0,23.63,4.48,10.52,3.64,308,58,36.48,32.38,-8.42,48.04,24.91,34.74,30.02
6/10/14,2014,161,23.9997,NaN,36.28,18.91,28.45,25.95,0,30.55,4.61,7.24,2.22,175,52,36.35,32.29,-0.88,48.54,24.16,34.9,29.68
6/11/14,2014,162,23.9997,NaN,36.89,20.47,31.5,22.52,0,23.75,7.94,12.36,4.25,265,31,37.28,32.98,-1.2,46.72,27.84,35.01,30.95
6/12/14,2014,163,23.9997,NaN,37.39,21.72,30.67,24.84,0,28.11,7.61,10.68,2.84,289,47,38.09,33.46,-0.54,49.14,27.05,35.89,31.03
6/13/14,2014,164,23.9997,NaN,35.95,22.72,29,20.14,0,49.43,11.04,21.64,4.27,190,48,38.28,33.73,6.59,47.65,28.91,35.6,31.87
6/14/14,2014,165,23.9997,NaN,35.61,22.39,29.22,24.47,0,35.82,10.1,14.2,5.04,238,37,37.45,33.45,3.13,47.4,27.51,35.53,31.38
6/15/14,2014,166,23.9997,NaN,35.61,18.63,28.95,24.48,0,26.06,6.6,12.84,3.92,261,23,36.52,33.09,-4.35,47.65,25.39,35.34,30.83
6/16/14,2014,167,23.9997,NaN,35.45,17.33,29.06,23.49,0,15.33,9.19,12.84,3.67,264,28,36.27,32.87,-3.54,47.65,24.9,35.24,30.5
6/17/14,2014,168,23.9997,NaN,35.45,17.47,27.89,20.84,0.25,52.35,10.23,11.56,3.71,248,36,37,33.06,1.15,47.89,26.11,35.23,30.89
6/18/14,2014,169,23.9997,NaN,33.61,18.42,27.5,21.64,0,51.17,12.12,13.08,3.38,243,45,35.28,32.71,4.88,44.79,25.78,34.66,30.76
6/19/14,2014,170,23.9997,NaN,35,16.39,27.72,21.97,0,36.8,10.2,11.8,2.19,270,45,35.39,32.45,0.25,45.83,24.95,34.69,30.22
6/20/14,2014,171,23.9997,NaN,35.45,22.61,28,23.39,0,39.39,11.48,10.84,4.27,165,36,37.95,33.09,6.01,49.25,26.66,35.48,30.69
6/21/14,2014,172,23.9997,NaN,37.17,18.78,29.39,22.79,0,59.25,9.49,9.72,2.5,193,56,38.05,33.56,6.41,49.21,26.88,36.01,31.12
6/22/14,2014,173,23.9997,NaN,38.67,21.61,31.56,24.6,0,28.4,8.01,11.08,4.09,272,42,39.12,34.33,-0.42,50.13,28.1,36.7,31.95
6/23/14,2014,174,23.9997,NaN,36.61,19.86,29.78,20.09,0,26.37,9.36,13.16,2.7,284,65,37.59,33.88,-0.29,48.48,26.71,35.86,31.89
6/24/14,2014,175,23.9997,NaN,36.72,22.45,30.06,24.85,0,47.95,5.35,13.48,3.54,206,44,38.25,34.02,4.64,48.59,27.91,36.37,31.67
6/25/14,2014,176,23.9997,NaN,36.5,19.11,30.33,25.11,0,39.2,8.25,11.08,2.98,252,36,37.81,34.26,1.4,48.43,27.19,36.52,32
6/26/14,2014,177,23.9997,NaN,37.5,22.56,31.11,24.86,0,41.31,8.28,13,4.36,245,34,39.02,34.72,3.51,49.25,28.78,36.95,32.48
6/27/14,2014,178,23.9997,NaN,35.61,26.89,30.78,26.27,0,18.73,6.83,12.84,5.32,255,17,39.23,35.03,-2.45,48.48,29.99,37.02,33.05
6/28/14,2014,179,23.9997,NaN,37.61,22.22,31.28,25.28,0,21.19,8.88,9.16,2.99,262,43,38.78,34.73,-0.98,49.51,28.06,37.08,32.37
6/29/14,2014,180,23.9997,NaN,39.67,19.66,32,25.52,0,25.11,6.73,9,2.59,265,43,39.16,35.09,-1.08,50.48,27.85,37.5,32.68
6/30/14,2014,181,23.9997,NaN,40.89,21.28,32.89,23.38,0,26.95,8.24,9.64,2.8,260,41,40.45,35.74,1.21,51.65,29.25,38.16,33.32
7/1/14,2014,182,23.9997,NaN,37.61,12.19,26.95,14.66,25.91,96.6,10.54,23.87,2.42,101,67,34.35,34.17,5.05,45.73,22.97,37.37,30.98
7/2/14,2014,183,23.9997,NaN,32.61,18.21,25.39,23.62,0,81,21.65,9.08,2.33,139,59,30.32,30.05,11.49,39.99,20.66,33.37,26.74
7/3/14,2014,184,23.9997,NaN,33.33,20.03,26.95,24.62,0,67.07,18.14,8.68,2.88,127,33,32.49,31.09,10.66,42.63,22.35,35.08,27.09
7/4/14,2014,185,23.9997,NaN,33.83,18.92,26.83,21.79,0,69.51,18.82,10.2,3.02,188,61,33.17,31.66,10.29,42.27,24.07,34.96,28.36
7/5/14,2014,186,23.9997,NaN,35.22,19.76,28.72,22.98,0,67.07,14.68,7.48,1.83,241,62,34.3,32.66,8.74,43.11,25.49,36.24,29.07
7/6/14,2014,187,23.9997,NaN,33.33,22.17,27.33,18.42,0,57.72,19.49,10.28,3.34,293,59,34.02,32.81,10.97,40.49,27.54,35.05,30.57
7/7/14,2014,188,23.9997,NaN,33.61,18.82,27,23.19,0,74.4,21.95,9.8,2.61,183,33,33.41,32.45,12.19,40.93,25.88,35.4,29.49
7/8/14,2014,189,23.9997,NaN,34.95,22.22,27.95,20.23,0,56.12,20.78,10.2,3.05,187,44,35.03,32.8,11.47,43.04,27.02,35.49,30.1
7/9/14,2014,190,23.9997,NaN,35.17,19.3,26.83,19.16,2.03,68.09,17.03,13.96,2.34,257,63,32.96,31.92,11.63,40.1,25.82,34.23,29.61
7/10/14,2014,191,23.9997,NaN,34.33,20,28,20.08,0,64.14,20.74,7.48,2.06,135,59,31.91,30.68,10.63,40.34,23.47,33.42,27.93
7/11/14,2014,192,23.9997,NaN,35.11,21.04,27.11,20.48,6.86,80.9,20.44,10.36,2.11,266,64,33.37,31.53,11.55,41.47,25.27,34.27,28.79
7/12/14,2014,193,23.9997,NaN,33.89,20.4,25.17,21.56,3.05,84.5,23.63,12.84,1.99,160,60,32.61,30.75,14.57,42.74,22.48,34.1,27.41
7/13/14,2014,194,23.9997,NaN,33.56,19.8,26.67,22.98,0,80,22.21,10.44,1.97,132,48,32.5,30.4,13.35,42.79,22.21,34.11,26.69
7/14/14,2014,195,23.9997,NaN,32.45,19.82,25.67,18.33,2.03,79.1,24.04,10.84,2.5,294,59,31.89,30.5,13.37,39.49,24.29,32.92,28.09
7/15/14,2014,196,23.9997,NaN,31.72,19.26,25.45,21.85,0,75.2,27.95,8.76,2.04,316,70,32.88,30.84,13.28,42.21,23.54,34.41,27.26
7/16/14,2014,197,23.9997,NaN,34,19.66,25.5,20.42,1.27,85,23.12,8.28,2.34,218,60,33.21,31.64,13.98,41.42,25,34.74,28.53
7/17/14,2014,198,23.9997,NaN,35.33,19.22,27.5,24.79,0,85.9,17.97,6.84,1.94,311,80,34.19,32.22,12.2,43.38,25,35.82,28.62
7/18/14,2014,199,23.9997,NaN,36.33,22.5,29.28,24.92,0,49.74,13.6,9.56,3.65,189,39,35.04,33.12,7.9,43.52,26.56,36.39,29.85
7/19/14,2014,200,23.9997,NaN,38.5,20.17,30.78,24.13,0,45.77,10.03,9,2.34,249,46,34.77,33.32,4.67,42.83,26.7,36.35,30.29
7/20/14,2014,201,23.9997,NaN,38.72,23.28,30.39,23.52,0.76,49.55,12.32,12.12,3.01,259,62,36.87,34.2,8.55,45.67,28.06,37.31,31.08
7/21/14,2014,202,23.9997,NaN,37.45,21.28,29.67,22.74,0,60.43,14.1,9.32,2.36,126,72,36.16,33.64,9.7,45.31,27,36.65,30.63
7/22/14,2014,203,23.9997,NaN,37.72,20.9,28.83,19.39,8.89,83,13.87,14.52,2.57,149,70,36.24,34.1,11.26,45.27,27.21,36.48,31.72
7/23/14,2014,204,23.9997,NaN,35,20.2,28.11,24.64,0,83.8,14.07,9.96,2.97,126,34,33.16,32.23,10.77,42.43,23.89,35.12,29.34
7/24/14,2014,205,23.9997,NaN,35.89,19.53,28.95,24.42,0,59.93,14.44,9.88,2.07,175,42,33.52,32.23,7.57,43.27,23.78,35.8,28.65
7/25/14,2014,206,23.9997,NaN,37.33,20.18,30.83,22.66,0,49.33,12.39,7.4,2.25,194,53,34.2,32.9,6.23,42.3,26.09,35.77,30.02
7/26/14,2014,207,23.9997,NaN,39.33,22.22,32.06,25.32,0,35.92,11.78,7.24,2.39,162,56,35.86,33.67,4.77,44.9,26.82,36.91,30.43
7/27/14,2014,208,23.9997,NaN,37.89,21.17,30.72,25.65,2.03,77.1,9.59,12.92,3.6,149,61,35.41,33.68,7.22,43.94,26.88,36.34,31.02
7/28/14,2014,209,23.9997,NaN,32.11,19.8,24.78,12.88,25.65,88.1,27.98,11.48,1.59,142,61,31.07,32.48,14.82,37.2,24.93,34.96,30.01
7/29/14,2014,210,23.9997,NaN,31.39,20.17,24.22,17.68,1.02,85.3,28.28,12.36,1.78,203,63,30.86,29.3,16.21,38.7,23.01,31.73,26.86
7/30/14,2014,211,23.9997,NaN,36.28,18.7,27.39,24.33,2.29,92.2,16.43,11.32,1.74,263,66,32.66,30.32,13.04,43.49,21.84,34.81,25.83
7/31/14,2014,212,23.9997,NaN,30.78,17.63,24.78,18.12,5.33,92,30.95,8.2,2.08,190,60,30.87,29.84,15.17,37.85,23.89,32.21,27.48
8/1/14,2014,213,23.9997,NaN,25.67,17.25,20.76,14.64,17.02,93.5,50.53,8.28,2.45,116,32,25.05,27.75,15.96,28.52,21.59,29.92,25.58
8/2/14,2014,214,23.9997,NaN,25.33,18.81,21.28,14.27,0,78.5,52.76,8.52,4.03,118,17,24.39,24.98,15.1,28.26,20.52,26.05,23.92
8/3/14,2014,215,23.9997,NaN,28.11,18.63,23.11,13.87,0.25,78.9,36.98,7.16,1.83,154,48,26.36,25.23,13.36,32.77,19.94,27.26,23.2
8/4/14,2014,216,23.9997,NaN,27.67,18.63,22.56,9.5,1.02,88.6,43.12,10.76,1.83,190,56,25.77,25.53,15.48,30.63,20.91,26.69,24.37
8/5/14,2014,217,23.9997,NaN,31.5,17.28,25.22,23.89,0,91.5,28.92,8.28,2.26,222,49,29.61,26.64,13.87,40.37,18.86,30.52,22.76
8/6/14,2014,218,23.9997,NaN,33.39,18.25,27.33,22.35,0,84.2,23.94,7.64,1.82,189,61,31.75,28.99,13.32,41.4,22.1,32.33,25.65
8/7/14,2014,219,23.9997,NaN,30.45,21.01,25,13.11,0,77.1,29.56,11.24,3.52,284,61,30.68,29.2,12.91,36.49,24.86,30.75,27.65
8/8/14,2014,220,23.9997,NaN,30.61,19.49,24.33,14.77,0,77.4,31.28,5.24,1.08,152,78,29.76,28.44,14.22,36.1,23.42,30.34,26.54
8/9/14,2014,221,23.9997,NaN,31.45,18.16,24.5,20.26,0,76.7,24.95,12.28,3.33,191,47,31.21,28.95,12.07,39.55,22.87,31.72,26.18
8/10/14,2014,222,23.9997,NaN,31.56,16.21,23.72,15.3,0,75.1,25.19,11.4,1.85,111,70,29.82,28.36,11.51,37.01,22.63,30.15,26.57
8/11/14,2014,223,23.9997,NaN,30.22,20.5,25.28,16.73,0,61.41,30.98,9,3.53,122,28,29.81,28.59,12.5,35.54,24.08,30.33,26.84
8/12/14,2014,224,23.9997,NaN,31.06,19.69,24.95,16.17,0,78.8,31.38,8.04,2.42,140,46,30.25,28.55,14.02,36.68,23.83,30.44,26.65
8/13/14,2014,225,23.9997,NaN,32.67,20.4,26.22,23.44,0,79.1,24.07,8.76,2.79,172,51,32.99,30.17,13.77,41.71,24.28,33.31,27.03
8/14/14,2014,226,23.9997,NaN,31.56,17.37,23.22,17.69,19.81,93.6,31.95,10.12,2.09,243,62,32.15,29.97,15.87,40.07,24.23,32.15,27.79
8/15/14,2014,227,23.9997,NaN,32.45,17.55,24.28,23.31,0.51,93.5,25.32,8.04,1.64,300,39,31.04,29.12,14.44,40.3,21.77,32,26.24
8/16/14,2014,228,23.9997,NaN,34.5,19.69,26.28,23.19,0,79.4,20.03,9.56,2.13,302,74,32.69,29.91,12.2,43.01,22.37,33.42,26.39
8/17/14,2014,229,23.9997,NaN,34,17.86,26.06,23.16,2.79,90,20.53,14.2,1.71,174,50,32.23,30.07,13.42,42.25,22.2,33.23,26.9
8/18/14,2014,230,23.9997,NaN,33.67,18.36,27.22,22.44,0,80.3,15.08,7.72,1.88,166,55,32.42,30.42,11.16,41.84,23.01,33.64,27.2
8/19/14,2014,231,23.9997,NaN,32.78,19.28,25.06,19.07,4.57,84.5,21.65,17.08,2.28,193,50,32.77,30.68,13.61,41.45,24.1,33.45,27.92
8/20/14,2014,232,23.9997,NaN,32.11,17.18,24.45,22.35,0,92.1,20.3,9.64,1.99,254,50,31.93,29.67,12.4,42.03,21.84,32.95,26.39
8/21/14,2014,233,23.9997,NaN,33.11,15.71,25.83,23.39,0,82.1,17.17,11.56,2.15,223,49,32.01,30.03,9.53,42.15,21.86,33.37,26.69
8/22/14,2014,234,23.9997,NaN,26.72,17.55,22.11,12.94,3.05,92.3,44.5,9.4,2.33,181,33,27.46,29.43,15.4,31.49,23.44,31.35,27.52
8/23/14,2014,235,23.9997,NaN,31.67,15.47,24.39,21.59,0,94.6,18.72,7.48,1.55,224,55,29.91,28.11,12.31,39.97,19.86,31.45,24.76
8/24/14,2014,236,23.9997,NaN,33.83,16.91,27.06,23.03,0,80.7,20.7,8.92,2.51,203,42,32.05,29.61,11.21,42.12,21.99,32.97,26.26
8/25/14,2014,237,23.9997,NaN,30.83,16.68,24.83,16.41,0,80.4,24.25,13.16,3.22,165,36,30.48,29.3,11.54,37.12,23.84,31,27.59
8/26/14,2014,238,23.9997,NaN,30.72,18.51,24.72,19,9.91,89.7,31.95,8.84,2.71,205,66,32.02,29.77,13.82,39.48,24.55,32.12,27.42
8/27/14,2014,239,23.9997,NaN,30.78,17.72,22.72,18.58,0,93.1,30.17,8.12,1.56,285,61,30.11,28.7,15.58,38.53,21.7,30.98,26.43
8/28/14,2014,240,23.9997,NaN,32.28,17.72,24.72,22.91,0,79.2,16.3,5.88,2.04,280,55,30.21,28.32,10.04,40.55,19.88,31.77,24.86
8/29/14,2014,241,23.9997,NaN,34.56,17.08,25.95,21.92,0,74.5,11.78,7.16,2.24,264,60,30.73,28.89,6.5,40.3,21.15,31.98,25.8
8/30/14,2014,242,23.9997,NaN,35,19.39,28.45,22.25,0,51.77,12.05,8.6,2.46,175,37,32.7,30.01,5.3,41.71,23.69,33.05,26.97
8/31/14,2014,243,23.9997,NaN,36.67,18.3,29.95,22.7,0,45.73,10.94,10.52,2.99,259,42,33.59,30.8,3.73,42.59,24.58,33.59,28.02
9/1/14,2014,244,23.9997,NaN,36.83,16.42,28.33,22.9,0,44.51,8.11,9.4,2.24,263,51,33.04,30.65,0.98,43.04,23.04,33.33,27.97
9/2/14,2014,245,23.9997,NaN,38.17,15.15,28.45,22.62,0,41.45,8.78,7.4,1.7,233,58,33.45,30.7,-0.16,44.05,22.86,33.4,28.01
9/3/14,2014,246,23.9997,NaN,37.95,15.21,28,22.39,0,38.28,8.55,7.16,1.79,197,54,33.52,30.68,1.79,44.3,22.75,33.33,28.04
9/4/14,2014,247,23.9997,NaN,35.06,18.43,26.67,21.01,3.3,92.7,13.73,10.36,3.08,145,55,35.1,31.48,12.21,44.24,25.97,33.77,29.18
9/5/14,2014,248,23.9997,NaN,29.06,17.89,22.78,15.78,4.57,93,39.85,7.64,0.97,148,47,29.18,30.25,15.92,36.11,22.24,32.43,28.07
9/6/14,2014,249,23.9997,NaN,29.72,18.1,23.11,15.57,0,83.9,33.98,9.8,2.85,138,59,29.29,28.29,14.18,37.84,20.74,30.55,26.03
9/7/14,2014,250,23.9997,NaN,24.17,17.25,20.36,9.76,0,90.2,54.85,6.92,2.29,126,41,26.15,27.45,14.96,30.49,21.81,28.85,26.05
9/8/14,2014,251,23.9997,NaN,30.67,16.16,22.89,14.5,0,91.5,33.87,6.76,1.35,225,52,27.89,26.35,15.06,36.37,19.42,28.52,24.18
9/9/14,2014,252,23.9997,NaN,31.61,19.2,25.5,21.27,0,85.4,21.68,13.72,4.96,230,32,31.17,28.27,12.65,40.3,22.04,30.99,25.56
9/10/14,2014,253,23.9997,NaN,32.67,15.46,25.33,19.71,0,73.5,22.53,9.16,1.83,269,56,31.38,28.99,9.83,40.68,22.07,31.5,26.48
9/11/14,2014,254,23.9997,NaN,29.17,15.61,22.5,10.53,0,80.1,27.99,9.08,2.68,201,44,27.62,28.57,11.81,32.86,22.38,30.35,26.8
9/12/14,2014,255,23.9997,NaN,27.67,15.61,21,14.6,0,84.1,39.85,11.4,3.44,138,44,27.56,26.96,12.57,34.06,21.06,28.51,25.41
9/13/14,2014,256,23.9997,NaN,24.83,15.15,18.8,13.6,0,69.82,38.23,6.68,2.4,116,31,27.04,26.11,9.5,33.07,21,27.44,24.77
9/14/14,2014,257,23.9997,NaN,26.39,13.93,20.03,10.07,0,84.1,40.7,6.68,1.9,132,43,24.67,25.36,12.48,29.47,19.87,26.56,24.16
9/15/14,2014,258,23.9997,NaN,28.61,14.56,22.39,17.85,0,88,35.94,7.56,2.32,171,45,28.64,26.27,13.67,37.77,19.5,28.65,23.89
9/16/14,2014,259,23.9997,NaN,24.11,17.92,20.33,6.57,5.84,94.3,59.65,5.8,1.31,75,64,23.77,26.48,16.96,26.55,20.99,28,24.95
9/17/14,2014,260,23.9997,NaN,26.61,17.25,20.58,10.73,24.89,95.1,51.67,6.36,0.91,308,46,24.22,24.39,17.07,28.7,19.74,25.87,22.91
9/18/14,2014,261,23.9997,NaN,19.37,17.15,18.29,3.86,21.59,93.9,86.7,3.96,0.57,110,62,21.37,23.38,16.89,22.83,19.91,24.43,22.32
9/19/14,2014,262,23.9997,NaN,28.45,17.32,21.67,14.16,2.54,95.5,41.56,4.92,1.1,292,51,24.75,23.45,16.58,29.81,19.68,25.13,21.76
9/20/14,2014,263,23.9997,NaN,30.95,17.48,23.95,15.87,0,93.2,32.9,5.64,1.53,164,56,25.61,24.14,16.32,32,19.21,26.12,22.15
9/21/14,2014,264,23.9997,NaN,30.11,17.89,23.61,16.11,0,87.3,35.39,7.4,2.18,117,62,26.42,24.5,15.56,33.64,19.2,26.61,22.39
9/22/14,2014,265,23.9997,NaN,24.11,18.7,20.59,7.6,0.51,92.1,65.72,6.44,1.82,131,37,23.66,23.96,16.98,26.73,20.58,24.98,22.95
9/23/14,2014,266,23.9997,NaN,28.45,17.89,22.67,14.54,0,93.8,41.83,5.72,1.79,211,57,25.77,24.15,15.96,32.06,19.47,26.23,22.07
9/24/14,2014,267,23.9997,NaN,30,15.18,22.11,16.13,0,92.6,36.73,10.6,1.6,175,57,28.09,24.93,14.61,37.87,18.32,27.79,22.08
9/25/14,2014,268,23.9997,NaN,29,15.04,22.06,18.3,0,92.9,33.11,7.32,1.73,201,52,27.88,25.45,12.68,37.23,18.52,28.41,22.49
9/26/14,2014,269,23.9997,NaN,26.67,14.73,20.73,17.55,0,82.9,33.11,6.76,2.12,166,37,27.57,25.68,10.7,35.79,19.36,28.23,23.14
9/27/14,2014,270,23.9997,NaN,26.39,11.84,20.05,18.69,0,85.8,34.69,7.48,2.33,164,42,27.11,25.3,10.46,36.07,18.14,28.05,22.56
9/28/14,2014,271,23.9997,NaN,29.06,14.86,22.67,18.22,0,82.7,29.5,6.92,2.67,174,29,27.88,25.75,11.72,36.31,19.45,28.47,23.03
9/29/14,2014,272,23.9997,NaN,29.61,13.95,23.5,16.65,0.76,91.9,28.19,11,3.14,210,36,28.09,26.09,12.56,35.9,20.28,28.48,23.69
9/30/14,2014,273,23.9997,NaN,27.45,13.32,21.61,18.99,0,81,14.66,10.6,3.26,257,32,26.8,25.24,3.8,35.5,18.11,27.77,22.71
10/1/14,2014,274,23.9997,NaN,27.11,7.82,19.7,18.92,0,72.2,13.27,11.56,2.84,256,36,25.3,24.19,0.32,34.41,16.2,26.81,21.57
10/2/14,2014,275,23.9997,NaN,26,8.26,18.15,19.1,0,69.35,8.93,8.6,2.7,299,44,25.21,23.9,-1.27,34.14,16.28,26.47,21.33
10/3/14,2014,276,23.9997,NaN,28.33,8.96,18.07,18.79,0,54.39,9.4,5.4,2.31,271,49,24.27,23.09,-3.01,33.31,15.24,25.71,20.48
10/4/14,2014,277,23.9997,NaN,29.56,6.17,19.9,18.4,0,67.03,11.92,8.68,2,259,46,24.05,22.8,-0.84,33.26,14.83,25.48,20.13
10/5/14,2014,278,23.9997,NaN,29.56,8.08,19.97,18.38,0,61.85,10.44,7.4,1.94,270,52,24.68,23.18,-1.23,33.48,15.88,25.68,20.67
10/6/14,2014,279,23.9997,NaN,29.45,9.93,20.43,16.39,0,50.83,12.06,7.88,2.57,272,40,23.86,22.85,-1.38,31.67,16.06,25.06,20.64
10/7/14,2014,280,23.9997,NaN,30.28,5.9,20.32,15.89,0,71.5,12.13,5.08,1.88,240,54,23.29,22.61,-0.1,30.82,15.76,24.66,20.57
10/8/14,2014,281,23.9997,NaN,29.56,10.9,21.5,15.67,0,77.8,21.45,7.56,1.71,243,65,25.86,23.4,5.37,33.98,17.75,25.81,20.99
10/9/14,2014,282,23.9997,NaN,27,15.4,21.22,13.2,0,81.1,26.71,9.48,3.11,247,34,25.05,23.84,10.7,30.29,19.8,25.24,22.45
10/10/14,2014,283,23.9997,NaN,26.17,10.84,18.34,16.65,0,89.3,25.43,7.96,2.48,291,45,25.2,23.45,8.52,33.04,17.36,25.55,21.35
10/11/14,2014,284,23.9997,NaN,25.22,9.77,17.56,16.23,0,89.6,30.45,6.04,2.1,237,55,23.61,22.84,8.28,30.14,17.07,24.48,21.2
10/12/14,2014,285,23.9997,NaN,27.11,9.64,20.16,16.97,0,81,13.61,14.36,5.23,250,31,23.93,22.7,1.91,30.42,17.44,24.4,20.99
10/13/14,2014,286,23.9997,NaN,22.89,6.81,14.96,17.18,0,49.14,11.56,6.2,2.18,281,54,21.51,21.8,-6.33,27.71,15.31,23.49,20.11
10/14/14,2014,287,23.9997,NaN,25.17,5.2,15.02,16.87,0,58.44,13.11,5.32,2.03,243,57,20.94,20.82,-3.28,27.75,14.13,22.59,19.04
10/15/14,2014,288,23.9997,NaN,27.28,4.79,16.66,16.74,0,62.55,12.02,5.64,1.95,240,55,21.18,20.68,-1.51,28.22,14.13,22.56,18.79
10/16/14,2014,289,23.9997,NaN,30.22,7.96,20.08,16.1,0,58.66,16.9,7.48,1.82,258,43,21.88,20.98,2.93,28.98,14.77,22.96,19
10/17/14,2014,290,23.9997,NaN,29.78,10.31,21.22,15.86,0,72.4,10.58,7.32,2.03,258,48,23.29,21.89,2.99,29.92,16.66,23.61,20.18
10/18/14,2014,291,23.9997,NaN,26.33,11.91,19.77,12.25,0,69.17,23.36,9.16,2.97,155,56,22.23,22.1,5.87,25.96,18.49,23.06,21.14
10/19/14,2014,292,23.9997,NaN,23.67,12.72,17.95,9.57,6.86,94.3,38.44,11.64,3.41,89,77,21.82,21.55,9.58,25.33,18.3,22.37,20.73
10/20/14,2014,293,23.9997,NaN,22.22,11.55,15.88,11.29,2.03,92.3,44.18,7.32,1.82,224,70,19.59,20.53,10.94,24.64,14.55,21.81,19.25
10/21/14,2014,294,23.9997,NaN,23.39,11.62,16.7,14.58,0,93.8,41.17,4.44,1.12,207,68,20.8,20.13,10.95,27.78,13.81,22.04,18.21
10/22/14,2014,295,23.9997,NaN,25,10.05,17.4,14.34,0,93.5,32.11,4.52,1.3,259,60,20.82,20.16,10.07,28.18,13.45,22.23,18.1
10/23/14,2014,296,23.9997,NaN,27.72,8.8,18.33,14.45,0,93.9,27.28,5.24,1.32,244,56,21.2,20.33,9.24,28.8,13.6,22.56,18.1
10/24/14,2014,297,23.9997,NaN,29.33,9.5,19.4,14.8,0,90.5,20.31,6.76,1.7,237,56,21.44,20.52,7.42,28.73,14.15,22.65,18.39
10/25/14,2014,298,23.9997,NaN,29.45,9.55,20.15,14.87,0,81.4,19.7,7.24,2.22,237,45,21.28,20.52,5.86,28.4,14.16,22.58,18.46
10/26/14,2014,299,23.9997,NaN,29.61,10.04,21.17,13.86,0,77.6,18.12,9.32,2.36,231,42,21.44,20.71,5.71,27.8,15.08,22.56,18.87
10/27/14,2014,300,23.9997,NaN,24.33,10.03,20.73,7.77,0,67.54,25.74,10.28,3.69,242,26,20.55,20.91,6.39,23.55,17.54,21.8,20.02
10/28/14,2014,301,23.9997,NaN,25.17,6,16.05,14.54,0,83.2,21.05,5.16,2.08,236,56,19.82,19.75,2.87,26.1,13.53,21.47,18.02
10/29/14,2014,302,23.9997,NaN,26.28,6.15,16,14.34,0,79.3,20.21,4.6,1.64,266,51,19.21,19.23,3.25,25.71,12.72,21.02,17.43
10/30/14,2014,303,23.9997,NaN,27.67,6.75,17.32,14.37,0,71.1,12.83,6.84,2.6,234,70,19.13,18.95,-0.57,25.46,12.8,20.73,17.16
10/31/14,2014,304,23.9997,NaN,23.11,12.52,17.63,12.16,0,61.89,24.6,10.12,4.31,124,19,19.24,19.14,2.97,23.38,15.1,20.29,17.98
11/1/14,2014,305,23.9997,NaN,25,9.57,18.13,12.75,0,62.83,31.67,8.68,3.18,195,40,19.27,19.05,5.31,24.56,13.99,20.56,17.54
11/2/14,2014,306,23.9997,NaN,25.22,13.1,18.68,11.54,2.03,84.6,25.64,18.36,4.47,200,40,19.79,19.47,7.67,23.98,15.6,20.64,18.3
11/3/14,2014,307,23.9997,NaN,17.13,9.93,13.05,5.67,6.6,94,52.14,4.76,0.82,161,53,15.89,18.79,9.96,18.78,13,19.99,17.58
11/4/14,2014,308,23.9997,NaN,17.38,6.78,11.12,10.7,0,94.1,41.77,7.08,2.49,305,63,15.18,16.43,4.93,20.03,10.32,17.6,15.27
11/5/14,2014,309,23.9997,NaN,19.42,3.45,10.58,12.56,0,87.8,20.9,7.32,2.21,282,60,13.96,15.13,1.86,20.35,7.56,16.9,13.36
11/6/14,2014,310,23.9997,NaN,18.36,6.17,11.36,9.78,0,91.1,24.71,6.76,2.28,247,76,14.63,15.32,1.03,19.18,10.08,16.74,13.91
11/7/14,2014,311,23.9997,NaN,19.72,2.41,11.33,13.29,0,90.3,32.81,6.6,1.88,203,62,14.15,14.73,3.2,20.64,7.67,16.56,12.9
11/8/14,2014,312,23.9997,NaN,21.17,5.3,13.39,12.93,0,89,24.84,8.36,2.75,235,50,14.73,14.85,2.09,20.93,8.54,16.66,13.03
11/9/14,2014,313,23.9997,NaN,20.53,2.21,12.92,13.11,0,91.5,28.46,7.88,2.28,184,40,14.05,14.46,2.29,20.43,7.67,16.28,12.65
11/10/14,2014,314,23.9997,NaN,23.61,12.99,18.13,13.09,0,49.07,13.58,12.68,5.93,228,31,16.02,15.52,-1.02,21.14,10.89,17.13,13.9
11/11/14,2014,315,23.9997,NaN,22.56,11.34,17.95,12.76,0,48.4,22.91,10.6,3.5,226,38,16.9,16.27,1.3,22.11,11.69,17.79,14.74
11/12/14,2014,316,23.9997,NaN,15.78,0.83,10.92,8.39,0,62.48,40.47,11.8,5.4,182,22,14.31,16.11,0.93,17.9,10.73,16.94,15.27
11/13/14,2014,317,23.9997,NaN,8.68,-1.86,3.89,10.82,0,67.26,33.16,9.4,3.32,177,33,11.68,13.88,-6.34,16.48,6.87,15.46,12.31
11/14/14,2014,318,23.9997,NaN,18.53,-1.59,9.82,11.63,0,74.6,32.58,8.52,2.85,214,43,11.36,12.72,-0.46,17.01,5.7,14.39,11.05
11/15/14,2014,319,23.9997,NaN,20.2,11.41,15.83,12.32,0,61.63,21.17,12.04,5.39,234,22,15.13,14.62,1.05,19.54,10.73,15.98,13.26
11/16/14,2014,320,23.9997,NaN,14.38,-0.92,8.84,7.51,0,83.1,14.87,12.68,4.02,274,61,10.97,14.1,-2.42,14.77,7.17,15.33,12.87
11/17/14,2014,321,23.9997,NaN,10,-7.68,1.6,12.32,0,83.4,20.48,5,1.72,230,57,7.94,11.14,-9.45,13.09,2.79,12.88,9.41
11/18/14,2014,322,23.9997,NaN,14.52,-4.98,3.98,12.41,0,70.5,12.51,5.8,2.09,274,46,7.37,9.38,-11.37,13.08,1.65,10.86,7.89
11/19/14,2014,323,23.9997,NaN,16.58,-5.89,5.05,10.38,0,60.74,14.16,3.64,1.59,272,65,6.3,8.68,-10.72,11.6,1,10.17,7.19
11/20/14,2014,324,23.9997,NaN,20.1,-2.93,9.36,11.92,0,59.61,9.27,8.52,2.1,252,52,7.86,9.14,-10.68,13.79,1.92,10.86,7.43
11/21/14,2014,325,23.9997,NaN,19.4,-2.63,10.03,9.18,0,59.02,15.04,6.28,1.7,247,57,8.85,10.09,-6.87,13.82,3.88,11.6,8.57
11/22/14,2014,326,23.9997,NaN,19.02,5.77,12.45,11.49,0,48.43,15.04,10.76,3.62,265,33,12.22,11.81,-6.98,16.66,7.78,13.13,10.49
11/23/14,2014,327,23.9997,NaN,18.5,3.02,12.02,11.71,0,34.62,9.54,13,5.28,275,42,12.36,12.31,-11.56,16.44,8.27,13.5,11.13
11/24/14,2014,328,23.9997,NaN,13.73,-2.83,5.68,11.74,0,29.16,6.88,9.8,2.67,296,38,8.45,10.89,-18.32,13.35,3.54,12.66,9.13
11/25/14,2014,329,23.9997,NaN,13.12,-1.12,5.65,11.63,0,40.74,10.59,6.6,2.73,270,44,7.36,9.36,-15.19,11.78,2.94,10.63,8.09
11/26/14,2014,330,23.9997,NaN,20.13,-5.77,7.44,11.32,0,44.26,13.39,4.44,1.59,256,57,7.42,8.87,-11.97,12.57,2.27,10.32,7.42
11/27/14,2014,331,23.9997,NaN,21.67,-0.06,10.48,11.2,0,53.61,14.12,5.88,2.09,267,41,9.36,9.79,-6.65,14.17,4.54,11.25,8.32
11/28/14,2014,332,23.9997,NaN,20.4,-0.13,9.1,11.25,0,61.45,12.94,4.92,1.62,263,68,8.53,9.57,-7.45,13.42,3.63,10.93,8.22
11/29/14,2014,333,23.9997,NaN,23,-0.14,11.75,11.12,0,48.88,11.93,10.6,2.56,252,46,8.21,9.45,-9.15,13.32,3.09,10.97,7.92
11/30/14,2014,334,23.9997,NaN,22.06,1.71,13.3,10.44,0,46.34,10.92,8.44,2.24,231,42,9.09,10.08,-9.58,13.7,4.47,11.4,8.76
12/1/14,2014,335,23.9997,NaN,20.3,-1.63,10.05,10.97,0,54.17,13.14,5.08,1.77,207,62,9.38,10.2,-8.77,14.02,4.74,11.43,8.96
12/2/14,2014,336,23.9997,NaN,16.27,-0.98,8.75,7.53,0,56.96,19.39,7,1.26,237,69,8.63,9.92,-7.02,13.04,4.21,11.24,8.6
12/3/14,2014,337,23.9997,NaN,21.95,5.73,15.13,9.64,0,53.71,25.05,7.16,1.93,197,44,12.35,11.89,0.48,16.66,8.03,13.18,10.6
12/4/14,2014,338,23.9997,NaN,16.17,8.72,12.57,2.87,0,79.8,45.71,10.84,2.25,241,53,12,12.46,6.08,13.67,10.33,12.96,11.96
12/5/14,2014,339,23.9997,NaN,18.96,1.8,10.38,9.51,0,96.2,30,5.56,1.55,290,48,10.71,11.82,2.37,14.41,7,12.81,10.84
12/6/14,2014,340,23.9997,NaN,20.16,3.76,12,7.95,0,81.8,27.03,7.32,2.37,164,63,10.8,11.51,0.75,15.18,6.42,12.76,10.26
12/7/14,2014,341,23.9997,NaN,20.83,4.32,11.45,10.12,0,88.7,27.57,6.28,1.96,281,42,11.91,12.24,1.52,15.69,8.13,13.22,11.26
12/8/14,2014,342,23.9997,NaN,20.23,3.58,10.97,10.04,0,78.7,25.82,5.72,2.26,254,50,10.45,11.41,0.33,14.62,6.27,12.53,10.3
12/9/14,2014,343,23.9997,NaN,19.39,5.43,11.34,6.58,1.02,92.3,34.08,6.04,1.85,274,50,11.29,11.77,2.95,15,7.58,12.89,10.65
12/10/14,2014,344,23.9997,NaN,20,3.98,10.88,9.99,0,96,39.03,3.8,1.09,250,52,11.09,11.94,5.62,15.04,7.13,12.91,10.96
12/11/14,2014,345,23.9997,NaN,20.2,1.16,11.04,10,0,92.7,32.77,5.8,1.84,229,58,9.81,11.04,3.29,14.26,5.36,12.17,9.92
12/12/14,2014,346,23.9997,NaN,20.1,2.11,11.18,7.69,0,92,31.18,6.36,1.52,242,45,9.37,10.73,2.9,13.83,4.9,11.9,9.57
12/13/14,2014,347,23.9997,NaN,19.83,4.47,14.11,9.17,0,84,26.26,13.32,3.43,223,49,10.87,11.36,2.02,14.27,7.46,12.36,10.35
12/14/14,2014,348,23.9997,NaN,13.02,0.26,7.82,10.59,0,63.79,22.53,11.08,4.34,249,21,8.44,10.99,-5.5,11.54,5.34,12.12,9.87
12/15/14,2014,349,23.9997,NaN,14.16,-5.6,5.06,9.41,0,80.9,17.43,3.88,1.61,289,41,5.67,9.11,-7.92,9.9,1.43,10.5,7.72
12/16/14,2014,350,23.9997,NaN,15.31,0.22,7.98,7.3,0,57.31,19.6,5.96,2.11,245,50,6.65,8.54,-6.54,10.7,2.6,9.59,7.49
12/17/14,2014,351,23.9997,NaN,13.39,1.43,7.74,7.67,0,75.7,37.07,11.32,3.62,244,38,7.83,9.19,-1.82,11.39,4.26,10.11,8.26
12/18/14,2014,352,23.9997,NaN,13.19,1.42,7.44,6.91,2.29,93.3,39.47,10.04,2.44,220,46,8.04,9.49,1.35,11.26,4.81,10.29,8.7
12/19/14,2014,353,23.9997,NaN,11,-1.69,4.92,10.26,0,96.2,31.8,6.2,1.69,298,32,6.55,9.13,-0.94,10.6,2.5,9.84,8.42
12/20/14,2014,354,23.9997,NaN,13.12,-3.48,4.45,10.18,0,90.7,28.67,5,1.71,282,51,4.39,7.37,-3.44,8.82,-0.04,8.65,6.09
12/21/14,2014,355,23.9997,NaN,16.41,-2.7,7.68,9.69,0,90.3,25.35,11,2.28,255,44,5.52,7.29,-2.28,10.27,0.77,8.61,5.98
12/22/14,2014,356,23.9997,NaN,18.36,0.86,10.7,10.03,0,81.3,28.14,10.44,2.73,249,41,7.61,8.44,-0.76,11.93,3.28,9.69,7.18
12/23/14,2014,357,23.9997,NaN,9.58,-2.19,5.4,10.39,0,71.8,14.78,11.24,4.12,320,38,5.95,8.75,-9.36,10.12,1.78,9.54,7.96
12/24/14,2014,358,23.9997,NaN,10.3,-8.37,2.23,10.56,0,65.47,14.03,6.28,2.04,264,60,2.73,6.54,-14.61,7.01,-1.54,8,5.08
12/25/14,2014,359,23.9997,NaN,17.56,3.86,9.5,9.15,0,32.97,11.91,13.96,5.25,202,40,5.47,6.79,-11.83,9.5,1.44,8.12,5.45
12/26/14,2014,360,23.9997,NaN,9.61,-0.12,4.67,7.73,8.13,91.4,17.01,10.92,3.94,232,37,5.09,7.43,-5.83,7.64,2.54,8.03,6.84
12/27/14,2014,361,23.9997,NaN,7.11,-5.02,0.25,7.98,0,82.3,32.9,3.96,1.3,290,47,3.56,5.99,-7.24,6.82,0.29,6.86,5.11
12/28/14,2014,362,23.9997,NaN,9.22,-8.45,1.37,10.53,0,80.3,27.29,10.92,2.42,218,50,0.85,4.54,-8.27,3.77,-2.06,5.62,3.47
12/29/14,2014,363,23.9997,NaN,14.07,-1.99,7.07,10.79,0,70.6,11.2,14.68,3.93,204,41,3.31,4.81,-11.13,6.82,-0.19,5.81,3.81
12/30/14,2014,364,23.9997,NaN,10.32,-4.45,3.02,10.41,0,75.6,25.43,7.56,2.68,145,54,2.85,4.7,-8.01,6.08,-0.39,5.55,3.85
12/31/14,2014,365,23.9997,NaN,2.85,-8.97,-3.55,9.39,0,80.4,45,7,2.04,115,56,0.75,3.99,-9.08,2.94,-1.44,4.83,3.15